code,date,open,high,low,close,volume,adj_close
8035,2026-05-15,52150,52530,49480,50290,2986000,50290
8035,2026-05-18,50600,50900,48810,49260,2434000,49260
8035,2026-05-19,49960,49980,47160,47160,2645700,47160
8035,2026-05-20,46700,47220,45030,46100,3042100,46100
8035,2026-05-21,47650,48800,47450,48800,2745800,48800
8035,2026-05-22,49050,50220,48730,49830,2776900,49830
8035,2026-05-25,50530,52530,50030,52180,2671900,52180
8035,2026-05-26,53180,53190,50640,51420,2439400,51420
8035,2026-05-27,52870,54700,52500,52500,3857400,52500
8035,2026-05-28,52000,52730,51150,52320,3146300,52320
8035,2026-05-29,52780,53320,52030,52420,3555800,52420
8035,2026-06-01,53360,54740,52960,53060,3167500,53060
8035,2026-06-02,53060,53750,52180,53710,2681900,53710
8035,2026-06-03,56710,61420,56390,60900,5433400,60900
8035,2026-06-04,59900,63660,59900,63660,4805100,63660
8035,2026-06-05,62000,62210,58750,59450,4460100,59450
8035,2026-06-08,55650,56450,54650,55020,3961100,55020
8035,2026-06-09,57200,60860,56770,59920,5902600,59920
8035,2026-06-10,61110,65310,60810,61830,7924500,61830
8035,2026-06-11,61000,64070,60210,63400,5585800,63400
8035,2026-06-12,68400,71000,68000,68000,7102200,68000
6857,2026-05-15,29015,29020,26140,26360,9938400,26360
6857,2026-05-18,26485,26580,25475,26150,8750700,26150
6857,2026-05-19,26150,26420,24860,25290,9174200,25290
6857,2026-05-20,25790,26145,25020,25625,8881700,25625
6857,2026-05-21,26625,27020,25995,26745,9851300,26745
6857,2026-05-22,26975,27120,26460,26845,7253600,26845
6857,2026-05-25,27245,28515,27150,27755,7936500,27755
6857,2026-05-26,28085,28090,25925,26075,9168700,26075
6857,2026-05-27,27200,27780,27015,27130,9423800,27130
6857,2026-05-28,26760,27195,25915,26340,7244100,26340
6857,2026-05-29,26380,26605,25670,26170,9408700,26170
6857,2026-06-01,25800,26170,25410,25675,7366500,25675
6857,2026-06-02,25810,26350,25275,26320,8218300,26320
6857,2026-06-03,27320,27970,26620,27660,8806800,27660
6857,2026-06-04,27380,28435,27160,28170,7606900,28170
6857,2026-06-05,27560,27590,26415,26765,7157600,26765
6857,2026-06-08,25100,25780,24860,25235,10067400,25235
6857,2026-06-09,25735,26595,25325,26330,8788900,26330
6857,2026-06-10,25490,26035,24910,25235,8322300,25235
6857,2026-06-11,24450,25475,24150,25175,7237400,25175
6857,2026-06-12,27205,27800,26940,27325,10241000,27325
6920,2026-05-15,41190,41190,38030,38410,3328000,38410
6920,2026-05-18,38800,39340,38080,38190,3128200,38190
6920,2026-05-19,38090,38180,35550,36060,2762200,36060
6920,2026-05-20,36200,36280,34620,35650,3099400,35650
6920,2026-05-21,37050,38840,36720,38060,3426700,38060
6920,2026-05-22,38590,38980,37870,38130,2685100,38130
6920,2026-05-25,40300,43590,40290,43020,4173500,43020
6920,2026-05-26,42600,42870,41110,41680,3372300,41680
6920,2026-05-27,42990,44040,41530,41530,3055900,41530
6920,2026-05-28,40830,41290,38860,40110,2900200,40110
6920,2026-05-29,40810,40820,38930,40130,2244300,40130
6920,2026-06-01,39430,39840,38250,38380,2395600,38380
6920,2026-06-02,38360,39250,37850,39250,2388900,39250
6920,2026-06-03,40420,42800,39340,41770,3365400,41770
6920,2026-06-04,41500,43600,41230,42750,2772700,42750
6920,2026-06-05,42050,42470,41020,42180,2495600,42180
6920,2026-06-08,39380,40670,38760,39100,2353600,39100
6920,2026-06-09,40490,41320,39550,40480,2636300,40480
6920,2026-06-10,39970,42950,39660,40650,3439100,40650
6920,2026-06-11,38550,40470,37780,40200,2648100,40200
6920,2026-06-12,42000,44590,41820,44000,3785800,44000
6146,2026-05-15,71500,71520,64300,64900,2544600,64900
6146,2026-05-18,65400,65450,62280,63500,2108200,63500
6146,2026-05-19,63500,63690,60650,61600,1517000,61600
6146,2026-05-20,61200,62150,59650,61340,1743500,61340
6146,2026-05-21,63600,66660,63220,65650,2084200,65650
6146,2026-05-22,66700,66960,65090,65860,1537500,65860
6146,2026-05-25,67240,70260,67180,69780,1374100,69780
6146,2026-05-26,70670,70670,66340,66910,1270500,66910
6146,2026-05-27,68740,70550,67340,67630,1531900,67630
6146,2026-05-28,66630,67630,64800,66350,1452600,66350
6146,2026-05-29,65690,66520,63580,65090,2123100,65090
6146,2026-06-01,64090,65090,63260,63760,1314400,63760
6146,2026-06-02,63070,64200,61530,64200,1625200,64200
6146,2026-06-03,65910,69970,65130,68710,1693800,68710
6146,2026-06-04,68160,72630,68080,72210,2278300,72210
6146,2026-06-05,73160,74440,70440,72580,2016700,72580
6146,2026-06-08,66580,68700,66440,67480,1918000,67480
6146,2026-06-09,69430,72090,67750,71520,1774600,71520
6146,2026-06-10,70020,73590,69320,70060,1496600,70060
6146,2026-06-11,68560,70760,66440,70030,1639000,70030
6146,2026-06-12,73750,80100,73310,79900,3648100,79900
7735,2026-05-15,12400,12525,11155,11335,3181900,11335
7735,2026-05-18,11335,11405,10710,10885,2438400,10885
7735,2026-05-19,10900,11035,10290,10520,2201300,10520
7735,2026-05-20,10540,10730,10310,10545,2035000,10545
7735,2026-05-21,10900,10990,10650,10730,2575000,10730
7735,2026-05-22,10820,11105,10670,10765,1935200,10765
7735,2026-05-25,11145,11180,10860,11035,2190400,11035
7735,2026-05-26,11100,11215,10700,10715,1945600,10715
7735,2026-05-27,11000,11550,10880,11220,3065000,11220
7735,2026-05-28,11000,11215,10775,11030,1835200,11030
7735,2026-05-29,11230,11290,10850,11120,3399100,11120
7735,2026-06-01,10880,11240,10820,10875,1394400,10875
7735,2026-06-02,11140,11370,10685,11315,2562700,11315
7735,2026-06-03,12815,13420,12305,13345,4984700,13345
7735,2026-06-04,13250,13465,12955,13440,2664200,13440
7735,2026-06-05,13035,13075,12395,12630,2322300,12630
7735,2026-06-08,11370,11940,11275,11760,2387100,11760
7735,2026-06-09,12235,12665,12055,12455,2730400,12455
7735,2026-06-10,12690,13690,12560,12980,4607000,12980
7735,2026-06-11,12500,13080,12460,12990,2463400,12990
7735,2026-06-12,13805,14225,13730,13945,3457600,13945
6963,2026-05-15,4443,4528,4162,4180,6322400,4180
6963,2026-05-18,4181,4256,4066,4145,5490300,4145
6963,2026-05-19,4124,4174,4058,4130,4664800,4130
6963,2026-05-20,4117,4244,4045,4185,4374300,4185
6963,2026-05-21,4255,4450,4255,4397,5207800,4397
6963,2026-05-22,4375,4623,4353,4595,4453300,4595
6963,2026-05-25,4735,5099,4720,5030,6649400,5030
6963,2026-05-26,5100,5178,4985,5136,4411400,5136
6963,2026-05-27,5226,5288,5023,5120,6217500,5120
6963,2026-05-28,5058,5215,5028,5078,5974400,5078
6963,2026-05-29,5250,5550,5236,5458,7891900,5458
6963,2026-06-01,5258,5383,5167,5182,7294500,5182
6963,2026-06-02,5172,5253,4817,5150,5816000,5150
6963,2026-06-03,5550,5752,5408,5616,7050200,5616
6963,2026-06-04,5416,5516,5291,5497,6286500,5497
6963,2026-06-05,5397,5427,5200,5270,3867600,5270
6963,2026-06-08,4760,4997,4755,4815,5610300,4815
6963,2026-06-09,4984,5242,4885,5242,7973700,5242
6963,2026-06-10,4999,5192,4663,4739,8676900,4739
6963,2026-06-11,4502,4797,4439,4714,4605000,4714
6963,2026-06-12,4901,5021,4827,4932,5818000,4932
6526,2026-05-15,2395,2555,2381.5,2426,19064500,2426
6526,2026-05-18,2480,2515.5,2360.5,2391.5,9340100,2391.5
6526,2026-05-19,2410,2450,2267.5,2302,8039100,2302
6526,2026-05-20,2256,2289.5,2162,2216.5,6237300,2216.5
6526,2026-05-21,2266.5,2674,2240,2637,21823100,2637
6526,2026-05-22,2737,2855,2680,2723.5,13823800,2723.5
6526,2026-05-25,2811,2946,2776,2897,14348100,2897
6526,2026-05-26,2896,2928,2785,2844,7990100,2844
6526,2026-05-27,2894,2894,2643.5,2820.5,14887800,2820.5
6526,2026-05-28,2759.5,2765,2612,2665,9308500,2665
6526,2026-05-29,2732.5,2733,2595,2635,7214100,2635
6526,2026-06-01,2626.5,2899.5,2615,2862,11879500,2862
6526,2026-06-02,2812,2880.5,2697,2848,8582400,2848
6526,2026-06-03,2994.5,3200,2957,3020,16046900,3020
6526,2026-06-04,2950,2984.5,2772,2878.5,9823000,2878.5
6526,2026-06-05,2800,2815,2652,2730.5,7728700,2730.5
6526,2026-06-08,2462,2528,2418,2456,9310700,2456
6526,2026-06-09,2512,2512.5,2350,2442.5,7191400,2442.5
6526,2026-06-10,2370,2421,2278,2302.5,8261900,2302.5
6526,2026-06-11,2185.5,2303.5,2152,2294,7559700,2294
6526,2026-06-12,2394,2409.5,2242.5,2265,7330500,2265
4063,2026-05-15,7385,7464,7040,7105,7528300,7105
4063,2026-05-18,7074,7157,6945,7013,5254300,7013
4063,2026-05-19,7045,7071,6928,7032,5504100,7032
4063,2026-05-20,6942,6975,6766,6845,5117500,6845
4063,2026-05-21,6988,7014,6857,6857,6503700,6857
4063,2026-05-22,6900,7065,6834,7034,7917200,7034
4063,2026-05-25,7034,7194,6996,7041,7333900,7041
4063,2026-05-26,7122,7190,7009,7022,7266300,7022
4063,2026-05-27,7250,7572,7219,7406,11120800,7406
4063,2026-05-28,7385,7480,7233,7344,7618800,7344
4063,2026-05-29,7494,7904,7451,7758,15831800,7758
4063,2026-06-01,7700,7930,7660,7793,10529700,7793
4063,2026-06-02,7600,7600,7194,7473,8746700,7473
4063,2026-06-03,7623,7818,7526,7806,8189400,7806
4063,2026-06-04,7542,7730,7492,7641,6730800,7641
4063,2026-06-05,7491,7539,7233,7350,6100000,7350
4063,2026-06-08,6980,7056,6783,6863,7427500,6863
4063,2026-06-09,6963,6966,6743,6836,6302600,6836
4063,2026-06-10,6790,6830,6570,6695,7626000,6695
4063,2026-06-11,6500,6858,6473,6858,8104400,6858
4063,2026-06-12,7056,7218,7025,7188,9888800,7188
6890,2026-05-15,9780,10030,9220,9460,2302900,9460
6890,2026-05-18,9610,9610,8850,9200,1612500,9200
6890,2026-05-19,9300,9340,8430,8550,1181700,8550
6890,2026-05-20,8780,9140,8550,8760,1491400,8760
6890,2026-05-21,9200,9230,8630,8720,948500,8720
6890,2026-05-22,9000,9150,8850,8930,624500,8930
6890,2026-05-25,9200,9380,9060,9220,801300,9220
6890,2026-05-26,9190,9210,8820,8820,678000,8820
6890,2026-05-27,9200,9340,8490,8530,754500,8530
6890,2026-05-28,8470,8630,8270,8540,531000,8540
6890,2026-05-29,8570,9020,8480,8690,1403300,8690
6890,2026-06-01,8600,8740,7980,8120,1146000,8120
6890,2026-06-02,8000,8050,7520,8010,928100,8010
6890,2026-06-03,8210,8330,7840,7950,898800,7950
6890,2026-06-04,7950,9070,7950,9020,1696400,9020
6890,2026-06-05,8900,9150,8450,9100,1039600,9100
6890,2026-06-08,8500,8640,8120,8230,904700,8230
6890,2026-06-09,8440,8440,8050,8270,706600,8270
6890,2026-06-10,8120,8220,7730,7880,695300,7880
6890,2026-06-11,7580,7990,7430,7940,606400,7940
6890,2026-06-12,8780,9440,8760,9100,1510700,9100
6754,2026-05-15,4322,4386,4181,4239,2351200,4239
6754,2026-05-18,4236,4272,4111,4205,1634700,4205
6754,2026-05-19,4195,4230,4054,4144,1429900,4144
6754,2026-05-20,4284,4425,4090,4381,3148600,4381
6754,2026-05-21,4428,4545,4340,4468,2474600,4468
6754,2026-05-22,4595,4630,4511,4601,1844300,4601
6754,2026-05-25,4650,4848,4621,4732,2323900,4732
6754,2026-05-26,4700,4720,4552,4670,1721800,4670
6754,2026-05-27,4680,4728,4546,4614,1749500,4614
6754,2026-05-28,4544,4606,4429,4580,1358700,4580
6754,2026-05-29,4535,4658,4434,4547,1644800,4547
6754,2026-06-01,4477,4810,4476,4768,1979900,4768
6754,2026-06-02,4700,4710,4401,4584,1520800,4584
6754,2026-06-03,4654,4855,4619,4776,1890400,4776
6754,2026-06-04,4698,4732,4603,4632,1128900,4632
6754,2026-06-05,4515,4730,4402,4689,1745400,4689
6754,2026-06-08,4199,4350,4180,4269,2565500,4269
6754,2026-06-09,4350,4366,4163,4281,1572500,4281
6754,2026-06-10,4120,4151,3749,3834,3653900,3834
6754,2026-06-11,3694,3879,3621,3879,1695500,3879
6754,2026-06-12,3975,4030,3865,3882,1649300,3882
6723,2026-05-15,3890,4010,3606,3647,19071900,3647
6723,2026-05-18,3636,3752,3610,3700,13901300,3700
6723,2026-05-19,3612,3655,3463,3509,12947900,3509
6723,2026-05-20,3539,3544,3382,3500,11620200,3500
6723,2026-05-21,3690,3895,3660,3785,19001600,3785
6723,2026-05-22,3904,4055,3875,4044,17949000,4044
6723,2026-05-25,4219,4440,4176,4297,21782700,4297
6723,2026-05-26,4356,4640,4305,4589,23059700,4589
6723,2026-05-27,4634,4689,4474,4474,21999500,4474
6723,2026-05-28,4333,4352,4116,4306,21537400,4306
6723,2026-05-29,4500,4684,4432,4500,23491100,4500
6723,2026-06-01,4413,4524,4370,4417,13621100,4417
6723,2026-06-02,4352,4473,4240,4455,17662600,4455
6723,2026-06-03,4840,4985,4746,4824,22562300,4824
6723,2026-06-04,4754,4912,4737,4838,17895400,4838
6723,2026-06-05,4698,4719,4429,4568,12870200,4568
6723,2026-06-08,4008,4198,3995,4139,23199500,4139
6723,2026-06-09,4349,4439,4182,4395,18519900,4395
6723,2026-06-10,4325,4409,4195,4308,18059400,4308
6723,2026-06-11,4093,4345,3962,4262,15459800,4262
6723,2026-06-12,4500,4577,4351,4355,14713100,4355
3436,2026-05-15,3287,3322,3033,3090,17626900,3090
3436,2026-05-18,3140,3168,2889,2992,17205300,2992
3436,2026-05-19,2942,3040,2922,2960,8950000,2960
3436,2026-05-20,3010,3103,2941,3020,12795000,3020
3436,2026-05-21,3101,3127,2956.5,3078,11094300,3078
3436,2026-05-22,3218,3326,3173,3177,8445700,3177
3436,2026-05-25,3333,3518,3317,3427,9962100,3427
3436,2026-05-26,3380,3538,3336,3354,8341500,3354
3436,2026-05-27,3405,3440,3220,3285,6792700,3285
3436,2026-05-28,3200,3530,3137,3348,10954100,3348
3436,2026-05-29,3720,4047,3704,3994,21624300,3994
3436,2026-06-01,3924,4424,3906,4372,22117600,4372
3436,2026-06-02,4350,4371,4015,4285,15095700,4285
3436,2026-06-03,4411,4564,4178,4459,15719900,4459
3436,2026-06-04,4361,4481,4190,4366,10044000,4366
3436,2026-06-05,3946,4156,3865,4041,12250300,4041
3436,2026-06-08,3675,3758,3461,3522,15237800,3522
3436,2026-06-09,3551,3592,3311,3501,14103400,3501
3436,2026-06-10,3221,3274,3102,3200,17073800,3200
3436,2026-06-11,2993.5,3473,2954,3408,18147200,3408
3436,2026-06-12,3600,3807,3562,3653,17419200,3653
7741,2026-05-15,27740,28465,27630,28005,1111800,28005
7741,2026-05-18,27900,28050,27255,27725,677600,27725
7741,2026-05-19,27700,27700,26705,26895,1029300,26895
7741,2026-05-20,26945,26970,26220,26500,976100,26500
7741,2026-05-21,26900,27130,26580,26580,744300,26580
7741,2026-05-22,26620,26885,26225,26225,1071500,26225
7741,2026-05-25,26055,26455,25870,26300,956600,26300
7741,2026-05-26,26285,26570,25970,25970,1011500,25970
7741,2026-05-27,27220,27835,27025,27195,1399000,27195
7741,2026-05-28,27080,27400,26740,26970,930100,26970
7741,2026-05-29,27020,27510,26985,27080,1751300,27080
7741,2026-06-01,26950,27150,26275,26440,841300,26440
7741,2026-06-02,26175,26385,25990,26305,894500,26305
7741,2026-06-03,26500,27575,26375,27495,1092900,27495
7741,2026-06-04,27480,27495,26280,26430,1078800,26430
7741,2026-06-05,26290,26395,26155,26340,714800,26340
7741,2026-06-08,25400,25800,25100,25280,936500,25280
7741,2026-06-09,25595,25895,25350,25605,971500,25605
7741,2026-06-10,25420,25750,25265,25710,894600,25710
7741,2026-06-11,25300,25920,25165,25650,936500,25650
7741,2026-06-12,26420,26545,25965,26420,1790900,26420
6525,2026-05-15,6450,6865,6225,6590,9780700,6590
6525,2026-05-18,6536,7060,6530,6716,7552500,6716
6525,2026-05-19,6616,6993,6503,6600,5801700,6600
6525,2026-05-20,6200,6380,6131,6252,12578900,6252
6525,2026-05-21,6425,7090,6361,7005,10580900,7005
6525,2026-05-22,7155,7350,7070,7221,7920200,7221
6525,2026-05-25,7600,7767,7367,7647,6058600,7647
6525,2026-05-26,7797,7868,7105,7161,5599300,7161
6525,2026-05-27,7877,8279,7698,7770,13910400,7770
6525,2026-05-28,7741,8289,7488,8124,8971100,8124
6525,2026-05-29,8395,8400,7911,8211,8263300,8211
6525,2026-06-01,8130,8246,7595,7595,6869200,7595
6525,2026-06-02,7650,7858,7209,7449,6208100,7449
6525,2026-06-03,7730,8147,7700,7987,5925100,7987
6525,2026-06-04,8050,8553,8000,8467,7747300,8467
6525,2026-06-05,8317,8370,7823,8022,5498800,8022
6525,2026-06-08,7122,7490,7092,7250,5575900,7250
6525,2026-06-09,7465,7872,7401,7820,6027100,7820
6525,2026-06-10,7685,8360,7643,7835,8226000,7835
6525,2026-06-11,7490,8198,7483,8042,6425900,8042
6525,2026-06-12,8548,9057,8532,8875,7053300,8875
4062,2026-05-15,17280,17435,15280,15660,8307900,15660
4062,2026-05-18,15550,15710,14970,15635,6760300,15635
4062,2026-05-19,15300,16130,15005,15320,6685700,15320
4062,2026-05-20,15030,15665,14650,15640,6862800,15640
4062,2026-05-21,17200,18225,16975,17875,9124900,17875
4062,2026-05-22,18005,19340,17960,19250,8690500,19250
4062,2026-05-25,19650,21275,19535,20930,7628200,20930
4062,2026-05-26,20500,22330,20410,20965,8083300,20965
4062,2026-05-27,21255,21610,20110,20425,7490400,20425
4062,2026-05-28,19925,20845,19135,19740,8387100,19740
4062,2026-05-29,20000,23000,19505,23000,10164100,23000
4062,2026-06-01,22925,23145,21550,21795,10076600,21795
4062,2026-06-02,21795,22670,20265,21135,8084800,21135
4062,2026-06-03,21450,22430,21125,21940,6878300,21940
4062,2026-06-04,21440,21865,19965,20155,6317800,20155
4062,2026-06-05,18510,19165,17950,18760,8165500,18760
4062,2026-06-08,16800,17550,16120,17060,7707800,17060
4062,2026-06-09,17460,18670,17260,18595,9586300,18595
4062,2026-06-10,17795,18375,17110,17400,8111500,17400
4062,2026-06-11,16520,18410,16505,18210,8447800,18210
4062,2026-06-12,19770,20050,18905,19105,9550400,19105
7729,2026-05-15,18155,18230,16425,16515,719700,16515
7729,2026-05-18,16515,16590,16075,16395,366700,16395
7729,2026-05-19,16200,16445,15475,15915,513000,15915
7729,2026-05-20,15700,15905,15260,15630,449600,15630
7729,2026-05-21,16390,16665,16235,16395,380400,16395
7729,2026-05-22,16650,17080,16555,16915,313500,16915
7729,2026-05-25,17770,18455,17580,18350,561400,18350
7729,2026-05-26,17950,17985,17345,17445,369700,17445
7729,2026-05-27,17795,18310,17665,17705,318800,17705
7729,2026-05-28,17420,17740,17135,17570,315700,17570
7729,2026-05-29,17970,17970,17190,17385,498200,17385
7729,2026-06-01,17320,17660,16685,16820,454500,16820
7729,2026-06-02,16975,16990,16240,16910,340100,16910
7729,2026-06-03,17250,17955,16975,17715,552200,17715
7729,2026-06-04,17360,18765,17310,18325,382400,18325
7729,2026-06-05,17925,18085,17290,17910,301700,17910
7729,2026-06-08,15910,16810,15850,16640,396900,16640
7729,2026-06-09,16995,17875,16790,17520,425100,17520
7729,2026-06-10,17270,18280,16925,16925,585400,16925
7729,2026-06-11,16355,17865,16235,17480,496100,17480
7729,2026-06-12,18430,19220,18300,18655,489500,18655
4186,2026-05-15,11770,11860,10625,10760,1389100,10760
4186,2026-05-18,10850,10895,10330,10390,937600,10390
4186,2026-05-19,10470,10490,9921,10120,1206700,10120
4186,2026-05-20,10005,10085,9701,9944,997200,9944
4186,2026-05-21,10395,10890,10330,10570,1327900,10570
4186,2026-05-22,10690,11170,10525,11105,1045600,11105
4186,2026-05-25,11350,11815,11235,11620,1007600,11620
4186,2026-05-26,11625,11800,11145,11170,824400,11170
4186,2026-05-27,11565,11795,11015,11030,881300,11030
4186,2026-05-28,10935,10995,10525,10900,845000,10900
4186,2026-05-29,11140,11150,10660,11010,1351100,11010
4186,2026-06-01,10765,10995,10565,10680,951900,10680
4186,2026-06-02,10565,10605,9965,10310,1048900,10310
4186,2026-06-03,10710,10875,10410,10690,893300,10690
4186,2026-06-04,10570,10645,10275,10535,722500,10535
4186,2026-06-05,10350,10440,10000,10420,751800,10420
4186,2026-06-08,9370,9882,9365,9700,1164700,9700
4186,2026-06-09,9857,9941,9464,9904,1149500,9904
4186,2026-06-10,9620,9780,9254,9387,902400,9387
4186,2026-06-11,8886,9572,8686,9501,1405400,9501
4186,2026-06-12,10055,10180,9857,9905,1156900,9905
4004,2026-05-15,18980,19000,17010,17200,4930400,17200
4004,2026-05-18,17200,17600,16690,16690,3620100,16690
4004,2026-05-19,16540,16890,15805,16300,3039700,16300
4004,2026-05-20,16290,16630,15780,15910,2929800,15910
4004,2026-05-21,16660,17485,16160,17310,4153300,17310
4004,2026-05-22,17370,18310,17255,18010,4156900,18010
4004,2026-05-25,18890,20195,18510,19450,4334200,19450
4004,2026-05-26,19535,20040,18965,19070,3426200,19070
4004,2026-05-27,19870,19945,18955,19100,3310100,19100
4004,2026-05-28,18875,19150,17760,18500,4344800,18500
4004,2026-05-29,18980,18980,17840,18720,14244600,18720
4004,2026-06-01,18320,18830,17920,18430,2493800,18430
4004,2026-06-02,18560,18620,16930,17825,3219800,17825
4004,2026-06-03,19400,19450,18660,18700,3537100,18700
4004,2026-06-04,18595,18735,17520,17860,2720300,17860
4004,2026-06-05,17295,17670,16765,17315,2100000,17315
4004,2026-06-08,15585,16415,15540,15970,3666000,15970
4004,2026-06-09,16135,16765,15630,16560,2989100,16560
4004,2026-06-10,16350,16660,15170,15335,2931600,15335
4004,2026-06-11,14635,16430,14505,16375,3786500,16375
4004,2026-06-12,17120,17790,16950,16950,4261100,16950
4502,2026-05-15,5256,5327,5252,5277,5258600,5277
4502,2026-05-18,5291,5309,5221,5249,3372900,5249
4502,2026-05-19,5325,5352,5244,5255,4414600,5255
4502,2026-05-20,5323,5362,5187,5255,4328700,5255
4502,2026-05-21,5300,5320,5180,5180,3251600,5180
4502,2026-05-22,5190,5206,5109,5109,3742400,5109
4502,2026-05-25,5141,5166,5077,5104,3811800,5104
4502,2026-05-26,5070,5070,5027,5060,3534300,5060
4502,2026-05-27,5090,5130,5056,5128,3687000,5128
4502,2026-05-28,5128,5182,5113,5120,3797500,5120
4502,2026-05-29,5079,5146,5074,5118,7712000,5118
4502,2026-06-01,5045,5059,4861,4881,6637600,4881
4502,2026-06-02,4837,4905,4784,4850,5212500,4850
4502,2026-06-03,4800,4809,4710,4748,5041600,4748
4502,2026-06-04,4800,4880,4766,4850,4360600,4850
4502,2026-06-05,4933,4977,4909,4926,4448200,4926
4502,2026-06-08,4896,5050,4896,5050,4621900,5050
4502,2026-06-09,5020,5059,4974,4975,5074600,4975
4502,2026-06-10,5040,5086,5013,5070,4145900,5070
4502,2026-06-11,5018,5062,4998,5033,2623200,5033
4502,2026-06-12,5048,5100,5031,5082,4711800,5082
4568,2026-05-15,2549,2593.5,2531.5,2574,8793800,2574
4568,2026-05-18,2586,2646.5,2586,2620.5,5616100,2620.5
4568,2026-05-19,2628,2674,2573.5,2636,8106600,2636
4568,2026-05-20,2614.5,2636,2558,2605.5,8039200,2605.5
4568,2026-05-21,2634,2682.5,2617,2664.5,6512900,2664.5
4568,2026-05-22,2660.5,2680.5,2617.5,2649.5,5618500,2649.5
4568,2026-05-25,2688,2773,2680,2700.5,7149800,2700.5
4568,2026-05-26,2733,2738.5,2677,2706,5317600,2706
4568,2026-05-27,2777.5,2790,2668,2682,6112300,2682
4568,2026-05-28,2682,2753,2655,2662.5,6353800,2662.5
4568,2026-05-29,2720,2765.5,2700.5,2700.5,19725400,2700.5
4568,2026-06-01,2702,2703,2602.5,2619,7616200,2619
4568,2026-06-02,2580.5,2635.5,2548,2582.5,7108300,2582.5
4568,2026-06-03,2518.5,2535,2488,2517,7367200,2517
4568,2026-06-04,2421,2453.5,2392,2392,13801100,2392
4568,2026-06-05,2390,2504,2390,2490,12276100,2490
4568,2026-06-08,2529.5,2540,2488,2528.5,7893600,2528.5
4568,2026-06-09,2578.5,2588.5,2534,2559,7770900,2559
4568,2026-06-10,2490,2510.5,2436,2487.5,8162700,2487.5
4568,2026-06-11,2474.5,2519.5,2472,2495,6121800,2495
4568,2026-06-12,2507.5,2524.5,2487.5,2500.5,7587700,2500.5
4503,2026-05-15,2327,2368,2303,2324.5,5823400,2324.5
4503,2026-05-18,2300,2321,2275,2300,4721000,2300
4503,2026-05-19,2299,2331,2283,2317,5914200,2317
4503,2026-05-20,2314,2333,2267,2295,5886800,2295
4503,2026-05-21,2340,2348,2271,2278,4427000,2278
4503,2026-05-22,2279,2290.5,2249.5,2269.5,5027300,2269.5
4503,2026-05-25,2265,2302.5,2238.5,2267.5,4033200,2267.5
4503,2026-05-26,2258,2265,2207,2233.5,3770200,2233.5
4503,2026-05-27,2189,2213.5,2102,2134,9240000,2134
4503,2026-05-28,2132.5,2163.5,2108,2124,7689700,2124
4503,2026-05-29,2150,2283,2147,2283,20918200,2283
4503,2026-06-01,2247.5,2275,2136.5,2174,6914400,2174
4503,2026-06-02,2152,2178,2105,2169.5,8224300,2169.5
4503,2026-06-03,2166,2167,2124,2160,6126600,2160
4503,2026-06-04,2144.5,2170,2139.5,2150.5,6164900,2150.5
4503,2026-06-05,2188,2188,2149.5,2161,4199200,2161
4503,2026-06-08,2111,2162.5,2090,2149,6531000,2149
4503,2026-06-09,2156.5,2157.5,2124,2144.5,5620400,2144.5
4503,2026-06-10,2127,2140.5,2112,2140.5,5436200,2140.5
4503,2026-06-11,2070,2107,2041,2107,8535200,2107
4503,2026-06-12,2138.5,2157,2122,2140,8991300,2140
4523,2026-05-15,4710,4739,4615,4723,1652100,4723
4523,2026-05-18,4513,4529,4351,4429,2716800,4429
4523,2026-05-19,4429,4512,4426,4466,1727000,4466
4523,2026-05-20,4466,4470,4231,4245,2678300,4245
4523,2026-05-21,4298,4298,4206,4243,1851200,4243
4523,2026-05-22,4220,4249,4157,4157,2045300,4157
4523,2026-05-25,4158,4178,4120,4143,1783500,4143
4523,2026-05-26,4101,4104,3952,3980,3438800,3980
4523,2026-05-27,3980,4068,3973,4043,2164800,4043
4523,2026-05-28,4032,4057,3901,3901,2698800,3901
4523,2026-05-29,3901,3994,3901,3984,3394200,3984
4523,2026-06-01,3958,3963,3808,3808,2342900,3808
4523,2026-06-02,3793,3853,3737,3818,2323400,3818
4523,2026-06-03,3800,3818,3719,3759,2179400,3759
4523,2026-06-04,3829,3853,3785,3815,1753400,3815
4523,2026-06-05,3850,3856,3767,3775,1769400,3775
4523,2026-06-08,3800,3866,3772,3806,1696200,3806
4523,2026-06-09,3765,3784,3735,3743,1811900,3743
4523,2026-06-10,3736,3749,3706,3740,1955700,3740
4523,2026-06-11,3709,3739,3660,3723,1960900,3723
4523,2026-06-12,3754,3790,3725,3780,1735600,3780
4519,2026-05-15,7946,8111,7925,7938,2260800,7938
4519,2026-05-18,7892,8013,7787,7885,1512400,7885
4519,2026-05-19,7979,8022,7843,7936,2367900,7936
4519,2026-05-20,7873,8047,7864,7899,2507400,7899
4519,2026-05-21,8049,8151,7815,7836,2152600,7836
4519,2026-05-22,7804,8090,7795,8090,1924300,8090
4519,2026-05-25,8013,8215,8003,8117,1670400,8117
4519,2026-05-26,7957,7964,7580,7586,3196500,7586
4519,2026-05-27,7646,7888,7625,7878,3277400,7878
4519,2026-05-28,7880,7936,7726,7743,1962700,7743
4519,2026-05-29,7699,7944,7677,7892,5543000,7892
4519,2026-06-01,7956,7964,7606,7664,2884200,7664
4519,2026-06-02,7601,7624,7488,7618,2597400,7618
4519,2026-06-03,7500,7629,7387,7423,2654400,7423
4519,2026-06-04,7400,7595,7357,7567,2311000,7567
4519,2026-06-05,7649,7658,7504,7554,2116500,7554
4519,2026-06-08,7500,7599,7430,7465,2319900,7465
4519,2026-06-09,7420,7471,7324,7376,2715900,7376
4519,2026-06-10,7341,7560,7331,7560,2962000,7560
4519,2026-06-11,7270,7472,7270,7428,2164800,7428
4519,2026-06-12,7447,7506,7390,7450,2581900,7450
4507,2026-05-15,3025,3113,3016,3080,3069400,3080
4507,2026-05-18,3079,3108,3031,3049,2454500,3049
4507,2026-05-19,3071,3086,3019,3028,2752400,3028
4507,2026-05-20,3032,3105,3027,3035,3502900,3035
4507,2026-05-21,3041,3071,2972,2981,2214200,2981
4507,2026-05-22,2953.5,3019,2951,2959.5,2661800,2959.5
4507,2026-05-25,2981.5,3043,2975,3029,2739100,3029
4507,2026-05-26,3025,3054,2992.5,2992.5,2644900,2992.5
4507,2026-05-27,2984,3072,2956,3031,3583900,3031
4507,2026-05-28,3073,3088,2996,2996.5,2915200,2996.5
4507,2026-05-29,3000,3040,2993,3000,8183800,3000
4507,2026-06-01,3003,3050,2834.5,2865,3681400,2865
4507,2026-06-02,2665,2850,2665,2823,4575400,2823
4507,2026-06-03,2781,2845,2766.5,2817,2832700,2817
4507,2026-06-04,2857.5,2865,2818.5,2826.5,2414500,2826.5
4507,2026-06-05,2856,2894,2847,2865,2584900,2865
4507,2026-06-08,2898.5,2900,2822,2844.5,2825500,2844.5
4507,2026-06-09,2839.5,2842.5,2763.5,2768,3203900,2768
4507,2026-06-10,2767,2797.5,2748,2797.5,2614300,2797.5
4507,2026-06-11,2670.5,2780.5,2670.5,2769.5,2555400,2769.5
4507,2026-06-12,2789.5,2804.5,2745.5,2775.5,3282900,2775.5
4543,2026-05-15,1911,1938.5,1906,1922,5317100,1922
4543,2026-05-18,2199,2280.5,2177.5,2279,16185000,2279
4543,2026-05-19,2299,2325.5,2241.5,2294,12683700,2294
4543,2026-05-20,2320,2349,2297,2342.5,10286300,2342.5
4543,2026-05-21,2329.5,2361,2305,2332,7651100,2332
4543,2026-05-22,2330,2404,2318.5,2393.5,8227100,2393.5
4543,2026-05-25,2335.5,2343.5,2306,2335,4866700,2335
4543,2026-05-26,2324.5,2342,2314.5,2334.5,4074800,2334.5
4543,2026-05-27,2331.5,2402.5,2312.5,2395.5,7168400,2395.5
4543,2026-05-28,2418,2448,2399.5,2399.5,9511000,2399.5
4543,2026-05-29,2432,2463,2401,2401,11844900,2401
4543,2026-06-01,2373.5,2429,2233,2345.5,9849600,2345.5
4543,2026-06-02,2331,2368.5,2243,2248.5,8137600,2248.5
4543,2026-06-03,2248,2294.5,2227.5,2279,5808500,2279
4543,2026-06-04,2313,2330,2275.5,2276,4871300,2276
4543,2026-06-05,2322,2322,2254.5,2280,4351900,2280
4543,2026-06-08,2330,2352,2265.5,2284.5,5042800,2284.5
4543,2026-06-09,2270,2305,2261.5,2284,4620300,2284
4543,2026-06-10,2276.5,2308.5,2264.5,2308.5,5051300,2308.5
4543,2026-06-11,2258.5,2284.5,2248.5,2264,4002300,2264
4543,2026-06-12,2268,2284.5,2199.5,2199.5,6907500,2199.5
4901,2026-05-15,3215,3251,3094,3110,8770700,3110
4901,2026-05-18,3150,3178,3101,3148,4548600,3148
4901,2026-05-19,3198,3198,3150,3171,4253000,3171
4901,2026-05-20,3175,3205,3118,3143,4303900,3143
4901,2026-05-21,3149,3196,3147,3196,3212700,3196
4901,2026-05-22,3148,3195,3131,3181,4339300,3181
4901,2026-05-25,3188,3200,3138,3194,3598500,3194
4901,2026-05-26,3184,3185,3135,3155,3265800,3155
4901,2026-05-27,3200,3368,3196,3224,5523800,3224
4901,2026-05-28,3251,3373,3249,3322,7448400,3322
4901,2026-05-29,3350,3393,3322,3322,8349900,3322
4901,2026-06-01,3350,3407,3278,3381,6094800,3381
4901,2026-06-02,3390,3392,3325,3346,6815500,3346
4901,2026-06-03,3410,3482,3390,3479,6810500,3479
4901,2026-06-04,3442,3548,3435,3548,6512200,3548
4901,2026-06-05,3547,3547,3480,3528,4799900,3528
4901,2026-06-08,3458,3524,3399,3426,8005300,3426
4901,2026-06-09,3486,3504,3452,3504,5806500,3504
4901,2026-06-10,3515,3573,3478,3521,5363300,3521
4901,2026-06-11,3509,3532,3459,3485,4663800,3485
4901,2026-06-12,3526,3537,3390,3401,6372700,3401
4443,2026-05-15,1296,1309,1264,1308,1841500,1305.9185791015625
4443,2026-05-18,1348,1371,1318,1337,1081600,1334.8724365234375
4443,2026-05-19,1378,1412,1373,1405,1346000,1402.76416015625
4443,2026-05-20,1459,1459,1374,1390,2514000,1387.7880859375
4443,2026-05-21,1406,1441,1401,1407,2099100,1404.760986328125
4443,2026-05-22,1390,1473,1373,1470,2250900,1467.6607666015625
4443,2026-05-25,1481,1541,1453,1528,2967400,1525.5684814453125
4443,2026-05-26,1526,1547,1511,1530,1331700,1527.5653076171875
4443,2026-05-27,1509,1585,1491,1571,1528400,1568.5
4443,2026-05-28,1556,1565,1534,1554,1453400,1554
4443,2026-05-29,1634,1731,1616,1679,2553400,1679
4443,2026-06-01,1750,1849,1744,1765,3050800,1765
4443,2026-06-02,1805,1816,1725,1762,1965300,1762
4443,2026-06-03,1725,1730,1652,1652,2025400,1652
4443,2026-06-04,1553,1576,1522,1561,2241500,1561
4443,2026-06-05,1585,1615,1568,1603,1385400,1603
4443,2026-06-08,1576,1613,1542,1553,1219000,1553
4443,2026-06-09,1575,1583,1512,1535,1350900,1535
4443,2026-06-10,1546,1573,1511,1549,1352800,1549
4443,2026-06-11,1554,1574,1515,1534,976400,1534
4443,2026-06-12,1521,1523,1431,1435,3353900,1435
3994,2026-05-15,4380,4448,4329,4415,336600,4415
3994,2026-05-18,4345,4368,4045,4052,480500,4052
3994,2026-05-19,4200,4491,4164,4491,749900,4491
3994,2026-05-20,4360,4416,4235,4321,736800,4321
3994,2026-05-21,4321,4421,4268,4314,268200,4314
3994,2026-05-22,4250,4353,4177,4311,267700,4311
3994,2026-05-25,4326,4335,4215,4312,228100,4312
3994,2026-05-26,4300,4469,4277,4332,388000,4332
3994,2026-05-27,4300,4335,4186,4212,414800,4212
3994,2026-05-28,4082,4146,3963,4050,682300,4050
3994,2026-05-29,4190,4599,4180,4343,857900,4343
3994,2026-06-01,4650,4710,4435,4470,527200,4470
3994,2026-06-02,4584,4639,4440,4532,348400,4532
3994,2026-06-03,4322,4440,4223,4335,428300,4335
3994,2026-06-04,4142,4264,4079,4116,368100,4116
3994,2026-06-05,4075,4250,4060,4238,423600,4238
3994,2026-06-08,4125,4249,4071,4095,324700,4095
3994,2026-06-09,4110,4172,4000,4013,414100,4013
3994,2026-06-10,4054,4065,3947,4002,304700,4002
3994,2026-06-11,4002,4038,3906,3968,254000,3968
3994,2026-06-12,3940,3956,3803,3868,457000,3868
4478,2026-05-15,2200,2240,2122,2182,713100,2182
4478,2026-05-18,2249,2291,2148,2182,699800,2182
4478,2026-05-19,2282,2320,2234,2277,547600,2277
4478,2026-05-20,2326,2344,2180,2199,892600,2199
4478,2026-05-21,2243,2268,2178,2206,630100,2206
4478,2026-05-22,2222,2315,2147,2246,641500,2246
4478,2026-05-25,2293,2299,2167,2187,819000,2187
4478,2026-05-26,2190,2230,2150,2190,654100,2190
4478,2026-05-27,2150,2169,2092,2111,476100,2111
4478,2026-05-28,2088,2122,2044,2061,535600,2061
4478,2026-05-29,2111,2215,2096,2112,505000,2112
4478,2026-06-01,2230,2292,2188,2223,772600,2223
4478,2026-06-02,2350,2371,2243,2355,797400,2355
4478,2026-06-03,2356,2389,2270,2276,775600,2276
4478,2026-06-04,2247,2247,2137,2137,482200,2137
4478,2026-06-05,2144,2188,2143,2155,256500,2155
4478,2026-06-08,2117,2160,2068,2070,354000,2070
4478,2026-06-09,2082,2113,1972,1986,475400,1986
4478,2026-06-10,2000,2030,1952,2007,281800,2007
4478,2026-06-11,2002,2026,1952,1981,247500,1981
4478,2026-06-12,1981,1988,1851,1853,650200,1853
3923,2026-05-15,850,862.2999877929688,779.2000122070312,810,10356600,810
3923,2026-05-18,840,851.7999877929688,820,832.4000244140625,3491400,832.4000244140625
3923,2026-05-19,873.0999755859375,888.5,857.7000122070312,880,3190400,880
3923,2026-05-20,895,902,876.5,893.2999877929688,4163100,893.2999877929688
3923,2026-05-21,897.7000122070312,922.2999877929688,893,904.2000122070312,4057700,904.2000122070312
3923,2026-05-22,904.5,946.9000244140625,867,940,3646200,940
3923,2026-05-25,950,969.2999877929688,931.7000122070312,950.7000122070312,4485500,950.7000122070312
3923,2026-05-26,939.9000244140625,959.2999877929688,933.2000122070312,952,3102200,952
3923,2026-05-27,946.5,965.4000244140625,933.7000122070312,961.5,3393600,961.5
3923,2026-05-28,969.5,974.5999755859375,931.2000122070312,965,3903900,965
3923,2026-05-29,980,1026,975.2000122070312,1006.5,4844600,1006.5
3923,2026-06-01,1036.5,1072,1020.5,1039,3537000,1039
3923,2026-06-02,1069,1080.5,1024.5,1051.5,3204100,1051.5
3923,2026-06-03,1032,1044,1009,1028,3798700,1028
3923,2026-06-04,1001,1012.5,954.7000122070312,966.5,4797800,966.5
3923,2026-06-05,980.2999877929688,1006.5,973.4000244140625,998.9000244140625,3371000,998.9000244140625
3923,2026-06-08,983.9000244140625,1020,966.2999877929688,977,4091400,977
3923,2026-06-09,986.4000244140625,993.7000122070312,947.4000244140625,974.7000122070312,3071100,974.7000122070312
3923,2026-06-10,1005,1005.5,971.5,975.9000244140625,1952800,975.9000244140625
3923,2026-06-11,969.0999755859375,982.2999877929688,929,929,2128900,929
3923,2026-06-12,914.4000244140625,929,884.2000122070312,888,6544200,888
4475,2026-05-15,1060,1081,1040,1053,446300,1053
4475,2026-05-18,1061,1087,1050,1064,315400,1064
4475,2026-05-19,1090,1127,1088,1116,482400,1116
4475,2026-05-20,1116,1116,1060,1076,523600,1076
4475,2026-05-21,1080,1119,1069,1100,401100,1100
4475,2026-05-22,1093,1141,1091,1125,510200,1125
4475,2026-05-25,1142,1159,1133,1153,631400,1153
4475,2026-05-26,1154,1163,1085,1109,594900,1109
4475,2026-05-27,1107,1128,1094,1106,367000,1106
4475,2026-05-28,1100,1101,1062,1087,279200,1087
4475,2026-05-29,1105,1145,1104,1106,480000,1106
4475,2026-06-01,1166,1203,1161,1171,684700,1171
4475,2026-06-02,1175,1225,1156,1219,809300,1219
4475,2026-06-03,1189,1241,1182,1200,709600,1200
4475,2026-06-04,1199,1199,1133,1140,532200,1140
4475,2026-06-05,1142,1177,1140,1162,358500,1162
4475,2026-06-08,1146,1154,1110,1122,327800,1122
4475,2026-06-09,1120,1131,1090,1102,261100,1102
4475,2026-06-10,1100,1109,1081,1095,238800,1095
4475,2026-06-11,1082,1099,1057,1090,330600,1090
4475,2026-06-12,1089,1089,1041,1048,440200,1048
4448,2026-05-15,258,264,257,258,122000,258
4448,2026-05-18,274,284,267,276,281800,276
4448,2026-05-19,284,298,278,298,231700,298
4448,2026-05-20,297,297,277,277,222400,277
4448,2026-05-21,279,286,278,280,103100,280
4448,2026-05-22,285,295,281,292,70100,292
4448,2026-05-25,298,298,282,288,108300,288
4448,2026-05-26,288,299,285,287,140600,287
4448,2026-05-27,285,292,278,280,70100,280
4448,2026-05-28,281,283,273,276,51100,276
4448,2026-05-29,278,293,275,289,202800,289
4448,2026-06-01,296,322,295,309,500300,309
4448,2026-06-02,305,327,303,321,263500,321
4448,2026-06-03,320,323,305,312,162400,312
4448,2026-06-04,320,320,305,307,72200,307
4448,2026-06-05,305,316,305,311,82300,311
4448,2026-06-08,305,312,295,297,178100,297
4448,2026-06-09,303,303,295,295,95800,295
4448,2026-06-10,297,300,282,284,261800,284
4448,2026-06-11,280,282,273,275,179000,275
4448,2026-06-12,274,276,266,274,102300,274
7203,2026-05-15,3017,3086,2987.5,3085,43178700,3085
7203,2026-05-18,2990,3013,2940,2954.5,30946400,2954.5
7203,2026-05-19,2955,2979,2931,2957,23002200,2957
7203,2026-05-20,3003,3027,2942,2942,26030500,2942
7203,2026-05-21,2964.5,3027,2961,2978,21798100,2978
7203,2026-05-22,3020,3022,2975.5,2987,16498800,2987
7203,2026-05-25,3051,3108,3006,3026,22249700,3026
7203,2026-05-26,3028,3030,2990,3022,16349400,3022
7203,2026-05-27,3016,3039,2998.5,3008,17980500,3008
7203,2026-05-28,3039,3072,3023,3030,25312200,3030
7203,2026-05-29,3022,3082,3022,3042,39820000,3042
7203,2026-06-01,3006,3009,2891,2905.5,37687200,2905.5
7203,2026-06-02,2849.5,2863.5,2805,2844,37933000,2844
7203,2026-06-03,2840,2920,2833,2881,27875500,2881
7203,2026-06-04,2875,2879.5,2835,2838.5,19751600,2838.5
7203,2026-06-05,2872,2885.5,2837,2850,18955400,2850
7203,2026-06-08,2817,2862,2795.5,2822.5,30734900,2822.5
7203,2026-06-09,2850,2873,2821.5,2830,22825800,2830
7203,2026-06-10,2837,2840.5,2787.5,2814,25839700,2814
7203,2026-06-11,2768,2782.5,2718.5,2747.5,27541100,2747.5
7203,2026-06-12,2792,2798.5,2756.5,2775.5,29442600,2775.5
7267,2026-05-15,1366,1430,1362.5,1430,54232300,1430
7267,2026-05-18,1370,1376.5,1323.5,1342.5,30120600,1342.5
7267,2026-05-19,1359.5,1362,1328.5,1342.5,17970500,1342.5
7267,2026-05-20,1354.5,1355,1328.5,1343,17496100,1343
7267,2026-05-21,1357,1394,1353,1384,14716000,1384
7267,2026-05-22,1385,1411,1376.5,1401,15918800,1401
7267,2026-05-25,1421,1428,1398.5,1408.5,11394200,1408.5
7267,2026-05-26,1400,1412,1382,1407,12550300,1407
7267,2026-05-27,1405,1423,1396,1421.5,14205900,1421.5
7267,2026-05-28,1445,1448,1426,1441.5,16968500,1441.5
7267,2026-05-29,1433,1473.5,1433,1452.5,32589600,1452.5
7267,2026-06-01,1443.5,1445,1382,1402,16225900,1402
7267,2026-06-02,1372,1394.5,1366.5,1387,16234300,1387
7267,2026-06-03,1410,1537,1392,1496.5,55737500,1496.5
7267,2026-06-04,1495,1514,1483,1504.5,23709300,1504.5
7267,2026-06-05,1495,1503,1444.5,1444.5,20119800,1444.5
7267,2026-06-08,1425.5,1452,1421,1438.5,20146800,1438.5
7267,2026-06-09,1459.5,1473.5,1444,1444.5,19915900,1444.5
7267,2026-06-10,1447,1447,1418,1437.5,15411000,1437.5
7267,2026-06-11,1394.5,1437,1388,1427.5,19686100,1427.5
7267,2026-06-12,1429,1437,1400.5,1411,18868400,1411
7201,2026-05-15,373.20001220703125,384,365.8999938964844,375,57147000,375
7201,2026-05-18,375,375.79998779296875,354.5,355.70001220703125,37079900,355.70001220703125
7201,2026-05-19,360.8999938964844,363.1000061035156,352.8999938964844,357.1000061035156,20442800,357.1000061035156
7201,2026-05-20,358.70001220703125,363.70001220703125,350.70001220703125,356.6000061035156,25618600,356.6000061035156
7201,2026-05-21,358.5,366.6000061035156,358,361,21669900,361
7201,2026-05-22,364.6000061035156,369.5,358.6000061035156,362.3999938964844,22299900,362.3999938964844
7201,2026-05-25,370.1000061035156,377.1000061035156,365.6000061035156,374.1000061035156,26800200,374.1000061035156
7201,2026-05-26,373.8999938964844,386.29998779296875,371,379.79998779296875,29475300,379.79998779296875
7201,2026-05-27,379.29998779296875,389.8999938964844,378.1000061035156,389.5,32557100,389.5
7201,2026-05-28,393,400,382.29998779296875,399,37082600,399
7201,2026-05-29,399,417.29998779296875,396.79998779296875,396.79998779296875,66724100,396.79998779296875
7201,2026-06-01,395,398.79998779296875,366.8999938964844,375.3999938964844,41669800,375.3999938964844
7201,2026-06-02,368.1000061035156,369.29998779296875,360.70001220703125,365.6000061035156,31922100,365.6000061035156
7201,2026-06-03,358,369.6000061035156,356.20001220703125,357.5,28382600,357.5
7201,2026-06-04,360,361.1000061035156,350.5,353.5,33431600,353.5
7201,2026-06-05,353.29998779296875,356.3999938964844,346.29998779296875,347.79998779296875,28034700,347.79998779296875
7201,2026-06-08,343.70001220703125,346.8999938964844,338.5,341.79998779296875,32576900,341.79998779296875
7201,2026-06-09,346,349.70001220703125,335.8999938964844,336.5,25769900,336.5
7201,2026-06-10,336.5,336.70001220703125,322.3999938964844,326.3999938964844,34725900,326.3999938964844
7201,2026-06-11,321,329.70001220703125,317,328.79998779296875,42434900,328.79998779296875
7201,2026-06-12,335.5,341.5,333.1000061035156,337.20001220703125,32114800,337.20001220703125
7269,2026-05-15,1867,1893.5,1819,1843.5,12586700,1843.5
7269,2026-05-18,1833,1837,1764,1769,8552700,1769
7269,2026-05-19,1821.5,1822.5,1795.5,1810,7959000,1810
7269,2026-05-20,1826.5,1829.5,1752,1753,5666100,1753
7269,2026-05-21,1770,1809.5,1770,1779.5,5027900,1779.5
7269,2026-05-22,1803,1808.5,1777.5,1789.5,6054700,1789.5
7269,2026-05-25,1818,1918,1811.5,1911,10274800,1911
7269,2026-05-26,1907,1929,1891,1921,7300600,1921
7269,2026-05-27,1934,1964.5,1903.5,1914.5,7352400,1914.5
7269,2026-05-28,1926,1947.5,1901.5,1919,6440100,1919
7269,2026-05-29,1945.5,2011,1936,1973.5,19065400,1973.5
7269,2026-06-01,1976,1990,1912.5,1940.5,6000200,1940.5
7269,2026-06-02,1904,1926.5,1862,1918.5,8061200,1918.5
7269,2026-06-03,1912.5,1944.5,1888.5,1890.5,6803900,1890.5
7269,2026-06-04,1892,1899,1856,1856,6019400,1856
7269,2026-06-05,1872,1892.5,1859,1865.5,4192600,1865.5
7269,2026-06-08,1839,1883,1830,1854.5,5791100,1854.5
7269,2026-06-09,1894.5,1896,1834.5,1838.5,5987300,1838.5
7269,2026-06-10,1846,1848,1816,1844,5054600,1844
7269,2026-06-11,1773.5,1792.5,1764,1786.5,7785200,1786.5
7269,2026-06-12,1840,1868.5,1825.5,1868,9853900,1868
7270,2026-05-15,2446,2717.5,2435.5,2567.5,18708400,2567.5
7270,2026-05-18,2417.5,2461.5,2362,2385,7555900,2385
7270,2026-05-19,2360,2451,2357,2450,4511300,2450
7270,2026-05-20,2460,2471.5,2430.5,2437,3676600,2437
7270,2026-05-21,2453,2507.5,2450,2493,4250900,2493
7270,2026-05-22,2480,2489,2439,2441,4287200,2441
7270,2026-05-25,2482.5,2497.5,2445,2464.5,2865500,2464.5
7270,2026-05-26,2465,2468,2434,2466,2592700,2466
7270,2026-05-27,2446,2470,2424,2437,4428600,2437
7270,2026-05-28,2475.5,2487.5,2441.5,2465.5,4350700,2465.5
7270,2026-05-29,2450,2488,2442,2442,12101700,2442
7270,2026-06-01,2440.5,2451,2373,2422,5301000,2422
7270,2026-06-02,2366,2448.5,2361,2438.5,5157700,2438.5
7270,2026-06-03,2440,2492,2436.5,2471,4327100,2471
7270,2026-06-04,2453,2523.5,2453,2474.5,3891200,2474.5
7270,2026-06-05,2487,2501,2444,2454.5,3541800,2454.5
7270,2026-06-08,2462,2535,2462,2493,5206600,2493
7270,2026-06-09,2530,2561.5,2509,2523,3875000,2523
7270,2026-06-10,2573,2582,2523.5,2535.5,4577600,2535.5
7270,2026-06-11,2485.5,2512,2472,2480,4194500,2480
7270,2026-06-12,2518.5,2533.5,2467.5,2474,4481200,2474
7261,2026-05-15,1081,1111,1074,1092.5,10913000,1092.5
7261,2026-05-18,1078,1088.5,1053.5,1056,7646000,1056
7261,2026-05-19,1062.5,1067.5,1046.5,1067.5,6196100,1067.5
7261,2026-05-20,1075,1078.5,1051,1055,5808500,1055
7261,2026-05-21,1073,1099.5,1070,1081,6071900,1081
7261,2026-05-22,1085.5,1089,1064,1066,6912000,1066
7261,2026-05-25,1090.5,1107,1078.5,1090.5,5704500,1090.5
7261,2026-05-26,1091,1105.5,1078,1100.5,4655900,1100.5
7261,2026-05-27,1100,1121.5,1096,1118,7581600,1118
7261,2026-05-28,1133,1140.5,1118.5,1129,7557400,1129
7261,2026-05-29,1132.5,1162.5,1127,1148.5,9488500,1148.5
7261,2026-06-01,1144,1145,1101,1120.5,7510000,1120.5
7261,2026-06-02,1116,1132.5,1088,1126,8443800,1126
7261,2026-06-03,1130.5,1146.5,1121,1122,8623400,1122
7261,2026-06-04,1113,1146,1108,1125,8272600,1125
7261,2026-06-05,1125,1136,1120,1128,5318600,1128
7261,2026-06-08,1099,1123,1097.5,1112.5,6176700,1112.5
7261,2026-06-09,1124.5,1151,1122,1143,8061300,1143
7261,2026-06-10,1140.5,1148,1105,1114,6715300,1114
7261,2026-06-11,1084.5,1098,1070,1096.5,7736900,1096.5
7261,2026-06-12,1114,1142,1101.5,1131.5,8668400,1131.5
6902,2026-05-15,1885.5,1958.5,1885,1944,9868300,1944
6902,2026-05-18,1900,1908,1838.5,1838.5,8048500,1838.5
6902,2026-05-19,1866,1870,1835.5,1859.5,6452700,1859.5
6902,2026-05-20,1865,1872.5,1814.5,1835.5,6774500,1835.5
6902,2026-05-21,1860,1869,1843.5,1850,5200800,1850
6902,2026-05-22,1850,1851,1833.5,1834.5,7670100,1834.5
6902,2026-05-25,1850,1865.5,1817,1837,8828900,1837
6902,2026-05-26,1841,1851,1831,1850.5,5708400,1850.5
6902,2026-05-27,1860,1894,1852,1888.5,8515000,1888.5
6902,2026-05-28,1889,1904.5,1871.5,1886,6752200,1886
6902,2026-05-29,1870,1927.5,1868,1908,15164500,1908
6902,2026-06-01,1910,1910.5,1857,1869,6781500,1869
6902,2026-06-02,1853,1873,1824.5,1867.5,7086000,1867.5
6902,2026-06-03,1874.5,1942.5,1861.5,1926,8136900,1926
6902,2026-06-04,1904.5,1941,1901.5,1907,6624500,1907
6902,2026-06-05,1907,1914.5,1870,1887,10318600,1887
6902,2026-06-08,1880,1931,1872,1903.5,9215000,1903.5
6902,2026-06-09,1943,1953,1918.5,1925,8520200,1925
6902,2026-06-10,1920,1925,1865,1882.5,7457200,1882.5
6902,2026-06-11,1824,1842,1813,1834.5,11073000,1834.5
6902,2026-06-12,1851,1863.5,1841,1854,9110900,1854
7259,2026-05-15,2395,2480.5,2390,2480.5,3820100,2480.5
7259,2026-05-18,2438,2461,2359,2371.5,2271300,2371.5
7259,2026-05-19,2390,2398,2353.5,2389,1607500,2389
7259,2026-05-20,2375,2380,2306.5,2329,1664100,2329
7259,2026-05-21,2379,2393,2355,2356,1564100,2356
7259,2026-05-22,2373,2375.5,2315.5,2319.5,1553600,2319.5
7259,2026-05-25,2369.5,2388,2327,2359.5,1459100,2359.5
7259,2026-05-26,2360,2362,2319,2342,1553400,2342
7259,2026-05-27,2315,2381,2312.5,2359,2585100,2359
7259,2026-05-28,2353,2365.5,2305,2329,1908400,2329
7259,2026-05-29,2372,2424.5,2340.5,2413.5,5404400,2413.5
7259,2026-06-01,2379,2392,2320,2326,2384400,2326
7259,2026-06-02,2276,2361.5,2263,2350,2525500,2350
7259,2026-06-03,2399,2458.5,2372.5,2430.5,2356100,2430.5
7259,2026-06-04,2402.5,2453.5,2400.5,2440,2390400,2440
7259,2026-06-05,2430,2437,2375,2392,2345700,2392
7259,2026-06-08,2324.5,2382.5,2324,2360.5,1524600,2360.5
7259,2026-06-09,2460.5,2499.5,2408,2435,3215800,2435
7259,2026-06-10,2361,2375,2293,2328,2222700,2328
7259,2026-06-11,2264.5,2287,2225.5,2287,1755200,2287
7259,2026-06-12,2300,2323,2267.5,2273,2108200,2273
8058,2026-05-15,5879,6012,5780,5849,9795100,5849
8058,2026-05-18,5799,5800,5500,5500,8787900,5500
8058,2026-05-19,5508,5604,5492,5519,7798600,5519
8058,2026-05-20,5527,5582,5362,5436,7464700,5436
8058,2026-05-21,5501,5510,5345,5411,7353700,5411
8058,2026-05-22,5411,5450,5290,5432,7695500,5432
8058,2026-05-25,5400,5419,5283,5320,8281500,5320
8058,2026-05-26,5271,5278,5144,5186,10540500,5186
8058,2026-05-27,5182,5217,5093,5124,10092200,5124
8058,2026-05-28,5067,5144,5003,5038,40475700,5038
8058,2026-05-29,5000,5088,4966,5065,23956500,5065
8058,2026-06-01,4970,4984,4862,4921,10926000,4921
8058,2026-06-02,4865,5019,4864,4924,10546100,4924
8058,2026-06-03,4974,5004,4931,4979,6640600,4979
8058,2026-06-04,4984,4999,4871,4896,6381700,4896
8058,2026-06-05,4919,4967,4855,4859,6647000,4859
8058,2026-06-08,4824,4849,4760,4833,9103700,4833
8058,2026-06-09,4870,4905,4768,4805,7678500,4805
8058,2026-06-10,4750,4755,4575,4615,10613300,4615
8058,2026-06-11,4583,4608,4522,4605,6907100,4605
8058,2026-06-12,4627,4712,4610,4683,11085600,4683
8031,2026-05-15,6117,6225,6043,6106,5560900,6106
8031,2026-05-18,6078,6099,5866,5883,4283400,5883
8031,2026-05-19,5950,5964,5840,5875,3701200,5875
8031,2026-05-20,5919,5919,5770,5804,4833600,5804
8031,2026-05-21,5844,5849,5661,5662,5265100,5662
8031,2026-05-22,5602,5617,5458,5580,6872100,5580
8031,2026-05-25,5525,5582,5437,5465,6225700,5465
8031,2026-05-26,5431,5463,5336,5381,5569200,5381
8031,2026-05-27,5432,5464,5303,5359,5963000,5359
8031,2026-05-28,5308,5401,5272,5327,5918500,5327
8031,2026-05-29,5300,5336,5218,5290,13541700,5290
8031,2026-06-01,5211,5240,4962,5033,8097900,5033
8031,2026-06-02,5040,5146,4962,5066,6283800,5066
8031,2026-06-03,5085,5108,5000,5059,5080500,5059
8031,2026-06-04,5070,5115,4995,5041,4438300,5041
8031,2026-06-05,5000,5130,4998,5039,3997200,5039
8031,2026-06-08,4955,4992,4877,4932,5535300,4932
8031,2026-06-09,4930,4978,4905,4931,5554400,4931
8031,2026-06-10,4975,4980,4810,4849,5402000,4849
8031,2026-06-11,4779,4857,4763,4857,4948300,4857
8031,2026-06-12,4845,4917,4830,4886,8465200,4886
8001,2026-05-15,2059.5,2080.5,2042.5,2059,17529600,2059
8001,2026-05-18,2058,2058.5,1984,1993,13790600,1993
8001,2026-05-19,2001,2011.5,1970,1980.5,15276800,1980.5
8001,2026-05-20,1998.5,1999,1918,1935,16778700,1935
8001,2026-05-21,1968,1968.5,1933.5,1949,12057400,1949
8001,2026-05-22,1942.5,1960,1924,1949.5,10555100,1949.5
8001,2026-05-25,1926.5,1956.5,1913.5,1951,10132800,1951
8001,2026-05-26,1947.5,1947.5,1912,1915,14686600,1915
8001,2026-05-27,1938,1946.5,1910.5,1927.5,13334300,1927.5
8001,2026-05-28,1932.5,1939,1919,1930,14670800,1930
8001,2026-05-29,1923.5,1951.5,1919.5,1935.5,40993000,1935.5
8001,2026-06-01,1906,1915,1859.5,1879.5,18077500,1879.5
8001,2026-06-02,1850,1871,1827,1857.5,17037100,1857.5
8001,2026-06-03,1859,1870,1846,1858.5,12839200,1858.5
8001,2026-06-04,1865.5,1871.5,1844.5,1854.5,9562100,1854.5
8001,2026-06-05,1879,1885,1860.5,1873.5,11548700,1873.5
8001,2026-06-08,1851,1864.5,1827,1844,13626600,1844
8001,2026-06-09,1850,1867.5,1837.5,1848,12011200,1848
8001,2026-06-10,1862.5,1866,1835.5,1855.5,13105600,1855.5
8001,2026-06-11,1825,1835,1802,1826,17426800,1826
8001,2026-06-12,1866,1886,1856.5,1876.5,20348700,1876.5
8053,2026-05-15,7595,7726,7428,7510,2812200,7510
8053,2026-05-18,7510,7554,7220,7257,2584500,7257
8053,2026-05-19,7295,7349,7213,7217,2331200,7217
8053,2026-05-20,7217,7254,6936,7011,4191600,7011
8053,2026-05-21,7142,7187,7010,7120,1953600,7120
8053,2026-05-22,7071,7168,7032,7131,2040400,7131
8053,2026-05-25,7131,7361,7098,7361,2557700,7361
8053,2026-05-26,7300,7448,7245,7360,2758800,7360
8053,2026-05-27,7330,7350,7179,7190,3034800,7190
8053,2026-05-28,7045,7142,6997,7105,4614600,7105
8053,2026-05-29,7104,7251,7099,7099,10796100,7099
8053,2026-06-01,7110,7128,6914,6982,3634700,6982
8053,2026-06-02,6821,6898,6746,6820,3123400,6820
8053,2026-06-03,6920,6962,6842,6842,2636000,6842
8053,2026-06-04,6782,6847,6716,6775,2552300,6775
8053,2026-06-05,6776,6886,6775,6842,1919700,6842
8053,2026-06-08,6742,6780,6539,6617,3290600,6617
8053,2026-06-09,6698,6705,6526,6565,3377400,6565
8053,2026-06-10,6545,6566,6319,6338,4365900,6338
8053,2026-06-11,6238,6264,6119,6186,4708300,6186
8053,2026-06-12,6286,6325,6200,6259,4570300,6259
8002,2026-05-15,5922,6078,5792,5856,5929200,5856
8002,2026-05-18,5806,5849,5596,5638,3827200,5638
8002,2026-05-19,5706,5724,5525,5553,4049800,5553
8002,2026-05-20,5451,5484,5287,5374,5603600,5374
8002,2026-05-21,5467,5477,5322,5325,4102500,5325
8002,2026-05-22,5331,5356,5235,5271,4239600,5271
8002,2026-05-25,5271,5367,5216,5312,3987700,5312
8002,2026-05-26,5297,5407,5221,5348,3509100,5348
8002,2026-05-27,5348,5411,5220,5220,4638300,5220
8002,2026-05-28,5170,5264,5150,5224,4813500,5224
8002,2026-05-29,5180,5259,5135,5196,10715100,5196
8002,2026-06-01,4981,4990,4833,4918,6717400,4918
8002,2026-06-02,4848,4940,4823,4910,5020200,4910
8002,2026-06-03,4899,5039,4873,4993,4772000,4993
8002,2026-06-04,4997,5065,4947,4968,3271700,4968
8002,2026-06-05,5018,5089,4983,5044,3343800,5044
8002,2026-06-08,4960,4996,4820,4870,4973100,4870
8002,2026-06-09,4908,4945,4862,4894,3951700,4894
8002,2026-06-10,4850,4880,4747,4795,4912100,4795
8002,2026-06-11,4780,4825,4713,4812,3907200,4812
8002,2026-06-12,4869,4951,4848,4899,5513700,4899
8306,2026-05-15,2910.5,2951.5,2877.5,2929,47220900,2929
8306,2026-05-18,2979,3063,2973,2995,66978500,2995
8306,2026-05-19,3030,3110,3026,3108,55685600,3108
8306,2026-05-20,3162,3170,3024,3030,51809100,3030
8306,2026-05-21,3090,3148,3067,3067,52123700,3067
8306,2026-05-22,3098,3140,3073,3091,40421700,3091
8306,2026-05-25,3090,3095,3043,3066,32348200,3066
8306,2026-05-26,3041,3088,3011,3061,33909800,3061
8306,2026-05-27,3061,3066,3017,3031,34986500,3031
8306,2026-05-28,3010,3011,2964,2982,41665800,2982
8306,2026-05-29,2995,3034,2984,2999,69856600,2999
8306,2026-06-01,2995,3040,2976.5,3023,34763500,3023
8306,2026-06-02,3013,3047,2972.5,3046,37371200,3046
8306,2026-06-03,3062,3149,3052,3137,46784900,3137
8306,2026-06-04,3137,3208,3081,3169,57793900,3169
8306,2026-06-05,3210,3273,3202,3219,42730200,3219
8306,2026-06-08,3200,3217,3135,3168,43619100,3168
8306,2026-06-09,3197,3249,3168,3180,48649000,3180
8306,2026-06-10,3230,3305,3171,3183,60312600,3183
8306,2026-06-11,3113,3148,3080,3141,43885600,3141
8306,2026-06-12,3141,3205,3129,3162,54083500,3162
8316,2026-05-15,5748,5814,5630,5702,15463800,5702
8316,2026-05-18,5758,5817,5703,5732,14734800,5732
8316,2026-05-19,5896,5974,5845,5942,21178400,5942
8316,2026-05-20,6088,6109,5842,5882,18145400,5882
8316,2026-05-21,6050,6183,6031,6031,18212600,6031
8316,2026-05-22,6045,6083,5978,6006,12376300,6006
8316,2026-05-25,6010,6086,5970,6056,13205000,6056
8316,2026-05-26,6000,6084,5982,6065,10432400,6065
8316,2026-05-27,6017,6030,5933,5950,13219300,5950
8316,2026-05-28,5914,5939,5810,5849,15094100,5849
8316,2026-05-29,5850,5944,5819,5819,17617000,5819
8316,2026-06-01,5815,5939,5793,5861,10894000,5861
8316,2026-06-02,5880,5951,5794,5951,12902800,5951
8316,2026-06-03,6040,6156,6012,6148,15691600,6148
8316,2026-06-04,6116,6218,6005,6129,13395700,6129
8316,2026-06-05,6284,6408,6213,6230,14349800,6230
8316,2026-06-08,6136,6185,6028,6105,15126700,6105
8316,2026-06-09,6180,6254,6137,6182,15333300,6182
8316,2026-06-10,6258,6385,6207,6227,21813600,6227
8316,2026-06-11,6127,6233,6077,6203,16707100,6203
8316,2026-06-12,6350,6439,6309,6406,23960700,6406
8411,2026-05-15,7021,7132,6827,6912,10413100,6912
8411,2026-05-18,6512,6583,6379,6525,21432700,6525
8411,2026-05-19,6690,6908,6685,6886,13730800,6886
8411,2026-05-20,7090,7130,6844,6982,15514300,6982
8411,2026-05-21,7150,7413,7138,7301,16998300,7301
8411,2026-05-22,7378,7528,7302,7457,12090500,7457
8411,2026-05-25,7308,7396,7194,7304,11943500,7304
8411,2026-05-26,7300,7398,7213,7359,9138000,7359
8411,2026-05-27,7283,7313,7178,7217,10262300,7217
8411,2026-05-28,7130,7140,6996,7065,14467400,7065
8411,2026-05-29,7065,7286,7045,7195,16581900,7195
8411,2026-06-01,7108,7268,7065,7185,7629100,7185
8411,2026-06-02,7253,7346,7064,7346,10005100,7346
8411,2026-06-03,7500,7687,7389,7633,12383200,7633
8411,2026-06-04,7621,7796,7472,7645,11569200,7645
8411,2026-06-05,7822,7966,7698,7716,10044100,7716
8411,2026-06-08,7620,7686,7437,7562,9646600,7562
8411,2026-06-09,7661,7774,7610,7690,10302200,7690
8411,2026-06-10,7760,7855,7555,7614,12418200,7614
8411,2026-06-11,7411,7479,7322,7394,11181800,7394
8411,2026-06-12,7605,7706,7510,7563,13140500,7563
8604,2026-05-15,1270.5,1287.5,1256.5,1273,7345900,1273
8604,2026-05-18,1265,1273,1248,1248,6858500,1248
8604,2026-05-19,1267,1282,1256,1276,7838300,1276
8604,2026-05-20,1276,1278,1239.5,1250.5,8852000,1250.5
8604,2026-05-21,1270,1298.5,1263.5,1290.5,9575300,1290.5
8604,2026-05-22,1309.5,1312,1287,1287,8912800,1287
8604,2026-05-25,1293.5,1295,1264.5,1273,8148600,1273
8604,2026-05-26,1273.5,1275.5,1262,1269,5669700,1269
8604,2026-05-27,1251.5,1263.5,1247.5,1260,8483800,1260
8604,2026-05-28,1250,1256,1237,1250.5,11733700,1250.5
8604,2026-05-29,1265,1307.5,1260.5,1285,29233700,1285
8604,2026-06-01,1285.5,1301.5,1281,1298.5,11559600,1298.5
8604,2026-06-02,1296.5,1324,1285,1324,11946000,1324
8604,2026-06-03,1324,1354.5,1321.5,1350.5,13692100,1350.5
8604,2026-06-04,1355.5,1359.5,1336.5,1349.5,8917400,1349.5
8604,2026-06-05,1375.5,1386.5,1360.5,1361,11799500,1361
8604,2026-06-08,1331,1359.5,1328.5,1359.5,12836900,1359.5
8604,2026-06-09,1365,1416,1365,1399,15028400,1399
8604,2026-06-10,1414,1419,1377,1387,8660800,1387
8604,2026-06-11,1357,1365,1333.5,1352.5,7003100,1352.5
8604,2026-06-12,1375,1376,1351,1364.5,9797400,1364.5
8766,2026-05-15,7593,7687,7512,7568,7584600,7568
8766,2026-05-18,7706,7769,7592,7627,5383800,7627
8766,2026-05-19,7800,7962,7795,7949,7192800,7949
8766,2026-05-20,8010,8038,7808,7817,7978900,7817
8766,2026-05-21,7800,7987,7623,7697,11696800,7697
8766,2026-05-22,7568,7610,7316,7381,7819300,7381
8766,2026-05-25,7465,7469,7306,7387,5595400,7387
8766,2026-05-26,7397,7432,7335,7356,4910100,7356
8766,2026-05-27,7367,7443,7322,7367,5245100,7367
8766,2026-05-28,7217,7324,7141,7189,6330700,7189
8766,2026-05-29,7116,7216,7075,7111,10833400,7111
8766,2026-06-01,7116,7162,7048,7108,6348000,7108
8766,2026-06-02,7059,7130,6976,7046,5323900,7046
8766,2026-06-03,7114,7167,7043,7098,4571900,7098
8766,2026-06-04,6961,7000,6891,6940,5719800,6940
8766,2026-06-05,6996,7068,6960,6996,5687500,6996
8766,2026-06-08,6955,7232,6952,7232,8411600,7232
8766,2026-06-09,7232,7433,7219,7410,7369000,7410
8766,2026-06-10,7493,7557,7368,7406,5719700,7406
8766,2026-06-11,7450,7487,7326,7404,6270700,7404
8766,2026-06-12,7348,7454,7310,7325,7968200,7325
8725,2026-05-15,4410,4437,4356,4391,3998500,4391
8725,2026-05-18,4449,4491,4401,4420,3963700,4420
8725,2026-05-19,4439,4536,4403,4503,5100200,4503
8725,2026-05-20,4507,4522,4356,4420,5183200,4420
8725,2026-05-21,4350,4475,4286,4350,6554700,4350
8725,2026-05-22,4299,4341,4182,4245,4505700,4245
8725,2026-05-25,4245,4245,4153,4216,3443400,4216
8725,2026-05-26,4205,4242,4156,4202,2884700,4202
8725,2026-05-27,4210,4295,4197,4290,4362800,4290
8725,2026-05-28,4222,4288,4219,4245,4163600,4245
8725,2026-05-29,4212,4333,4209,4287,21947600,4287
8725,2026-06-01,4275,4313,4254,4298,4770700,4298
8725,2026-06-02,4228,4298,4169,4266,4316300,4266
8725,2026-06-03,4311,4365,4294,4294,4192300,4294
8725,2026-06-04,4273,4284,4224,4247,3729600,4247
8725,2026-06-05,4350,4394,4299,4325,2749500,4325
8725,2026-06-08,4370,4402,4339,4402,4078900,4402
8725,2026-06-09,4419,4557,4413,4540,6083800,4540
8725,2026-06-10,4657,4706,4569,4597,4882400,4597
8725,2026-06-11,4578,4590,4516,4552,3444800,4552
8725,2026-06-12,4622,4676,4596,4597,5475200,4597
8801,2026-05-15,1490.5,1557.5,1489.5,1539.5,17988500,1539.5
8801,2026-05-18,1539.5,1565.5,1498,1498,15163200,1498
8801,2026-05-19,1520,1545,1512,1534,16575000,1534
8801,2026-05-20,1520,1531.5,1497,1508,14973800,1508
8801,2026-05-21,1539.5,1557,1520,1520,13420100,1520
8801,2026-05-22,1501,1503,1461.5,1480,16564400,1480
8801,2026-05-25,1510,1547.5,1500.5,1523,12823100,1523
8801,2026-05-26,1520.5,1558.5,1508,1544.5,14254900,1544.5
8801,2026-05-27,1537.5,1557.5,1530.5,1532,15297600,1532
8801,2026-05-28,1532,1539,1496.5,1505,8693900,1505
8801,2026-05-29,1519,1543,1498.5,1530.5,23942000,1530.5
8801,2026-06-01,1544,1546,1478.5,1478.5,13722800,1478.5
8801,2026-06-02,1477.5,1516,1455,1510.5,14964600,1510.5
8801,2026-06-03,1515,1520,1476.5,1478.5,8128100,1478.5
8801,2026-06-04,1478.5,1493.5,1450,1467.5,10006200,1467.5
8801,2026-06-05,1482,1506.5,1480,1495,8640800,1495
8801,2026-06-08,1470,1475.5,1443.5,1462.5,11385300,1462.5
8801,2026-06-09,1492.5,1499,1472.5,1487,10841900,1487
8801,2026-06-10,1529.5,1551,1505.5,1546.5,14131200,1546.5
8801,2026-06-11,1555,1597,1533.5,1538,18916700,1538
8801,2026-06-12,1564,1578.5,1548,1558,13173200,1558
8802,2026-05-15,4287,4338,4119,4137,5465100,4137
8802,2026-05-18,4083,4106,3964,3993,5531800,3993
8802,2026-05-19,4028,4087,3970,4013,4576700,4013
8802,2026-05-20,4013,4017,3906,3966,5367600,3966
8802,2026-05-21,4106,4144,4068,4110,4888600,4110
8802,2026-05-22,4117,4135,4014,4058,4046200,4058
8802,2026-05-25,4063,4142,4058,4094,2802400,4094
8802,2026-05-26,4145,4203,4089,4133,3380700,4133
8802,2026-05-27,4119,4140,4025,4041,3193100,4041
8802,2026-05-28,4023,4053,3993,4018,2926600,4018
8802,2026-05-29,4023,4113,3995,4056,11506900,4056
8802,2026-06-01,4005,4030,3911,3926,3583100,3926
8802,2026-06-02,3885,3990,3789,3973,4667700,3973
8802,2026-06-03,3986,4041,3950,3957,2840800,3957
8802,2026-06-04,3921,3981,3903,3931,2926500,3931
8802,2026-06-05,3953,4018,3940,3980,3157100,3980
8802,2026-06-08,3982,3999,3853,3898,3415800,3898
8802,2026-06-09,4008,4015,3922,3957,3573500,3957
8802,2026-06-10,4097,4184,4020,4162,5211500,4162
8802,2026-06-11,4175,4236,4096,4130,5477800,4130
8802,2026-06-12,4200,4216,4109,4196,4211100,4196
8830,2026-05-15,4400,4404,4180,4232,4057900,4232
8830,2026-05-18,4179,4212,3980,3981,4248300,3981
8830,2026-05-19,3878,4034,3853,3955,5088500,3955
8830,2026-05-20,3855,3913,3744,3748,7607100,3748
8830,2026-05-21,3818,3842,3751,3806,4586500,3806
8830,2026-05-22,3747,3786,3627,3741,4388500,3741
8830,2026-05-25,3811,3876,3775,3869,3578200,3869
8830,2026-05-26,3897,4003,3855,3956,4314500,3956
8830,2026-05-27,3900,3913,3706,3713,5016100,3713
8830,2026-05-28,3729,3733,3627,3652,3649300,3652
8830,2026-05-29,3701,3799,3670,3717,6197000,3717
8830,2026-06-01,3688,3716,3584,3601,3866800,3601
8830,2026-06-02,3555,3681,3495,3677,4450700,3677
8830,2026-06-03,3699,3700,3615,3641,2483400,3641
8830,2026-06-04,3571,3609,3505,3518,4107400,3518
8830,2026-06-05,3500,3581,3493,3550,3969500,3550
8830,2026-06-08,3493,3526,3357,3416,4660200,3416
8830,2026-06-09,3450,3460,3354,3426,4332600,3426
8830,2026-06-10,3459,3514,3397,3490,4598000,3490
8830,2026-06-11,3448,3540,3446,3468,4155000,3468
8830,2026-06-12,3503,3575,3458,3569,5298100,3569
1925,2026-05-15,4532,4570,4509,4538,3148900,4538
1925,2026-05-18,4543,4551,4462,4483,2449900,4483
1925,2026-05-19,4510,4576,4501,4544,2614600,4544
1925,2026-05-20,4544,4582,4480,4485,2477700,4485
1925,2026-05-21,4504,4548,4453,4453,2173400,4453
1925,2026-05-22,4463,4472,4407,4416,2101400,4416
1925,2026-05-25,4445,4489,4405,4431,1670200,4431
1925,2026-05-26,4406,4454,4396,4402,1948600,4402
1925,2026-05-27,4400,4434,4394,4402,1988400,4402
1925,2026-05-28,4396,4429,4374,4374,2323300,4374
1925,2026-05-29,4402,4421,4334,4334,4883800,4334
1925,2026-06-01,4338,4344,4215,4215,3146300,4215
1925,2026-06-02,4168,4194,4081,4187,3914800,4187
1925,2026-06-03,4179,4287,4164,4265,2592100,4265
1925,2026-06-04,4218,4276,4208,4227,2674200,4227
1925,2026-06-05,4241,4269,4191,4191,2200100,4191
1925,2026-06-08,4188,4262,4180,4249,2577200,4249
1925,2026-06-09,4284,4309,4221,4248,2408800,4248
1925,2026-06-10,4317,4381,4297,4381,3086400,4381
1925,2026-06-11,4349,4374,4272,4283,2081800,4283
1925,2026-06-12,4324,4345,4285,4300,2675400,4300
1928,2026-05-15,3416,3437,3393,3396,3118700,3396
1928,2026-05-18,3370,3380,3325,3339,2283600,3339
1928,2026-05-19,3355,3402,3355,3402,1862500,3402
1928,2026-05-20,3372,3391,3323,3338,2738700,3338
1928,2026-05-21,3380,3399,3326,3326,3153800,3326
1928,2026-05-22,3347,3351,3290,3336,2793400,3336
1928,2026-05-25,3360,3382,3333,3344,2197500,3344
1928,2026-05-26,3334,3374,3323,3345,1811700,3345
1928,2026-05-27,3328,3356,3321,3338,1802700,3338
1928,2026-05-28,3350,3378,3345,3362,2921000,3362
1928,2026-05-29,3373,3391,3340,3353,4731100,3353
1928,2026-06-01,3356,3360,3269,3280,2956400,3280
1928,2026-06-02,3259,3260,3181,3237,2996400,3237
1928,2026-06-03,3259,3302,3239,3281,2419400,3281
1928,2026-06-04,3235,3326,3209,3294,6776000,3294
1928,2026-06-05,3320,3320,3203,3203,3710600,3203
1928,2026-06-08,3233,3286,3210,3254,3575900,3254
1928,2026-06-09,3264,3280,3217,3225,3992500,3225
1928,2026-06-10,3271,3333,3253,3319,3790900,3319
1928,2026-06-11,3270,3307,3242,3257,3224600,3257
1928,2026-06-12,3258,3315,3250,3289,3421600,3289
9432,2026-05-15,148.8000030517578,151.8000030517578,148.5,151.8000030517578,278152000,151.8000030517578
9432,2026-05-18,151.5,152.6999969482422,150.60000610351562,152.39999389648438,213912800,152.39999389648438
9432,2026-05-19,152.8000030517578,155.3000030517578,152.6999969482422,155.3000030517578,257853300,155.3000030517578
9432,2026-05-20,156,156.89999389648438,155.60000610351562,156.5,311269500,156.5
9432,2026-05-21,156.1999969482422,156.3000030517578,153.6999969482422,153.6999969482422,237266100,153.6999969482422
9432,2026-05-22,153.8000030517578,154.39999389648438,152.10000610351562,152.60000610351562,199787000,152.60000610351562
9432,2026-05-25,152,152.3000030517578,150.39999389648438,150.6999969482422,230176700,150.6999969482422
9432,2026-05-26,151,151,149.6999969482422,149.6999969482422,242430300,149.6999969482422
9432,2026-05-27,150,151.1999969482422,149.8000030517578,151,208747800,151
9432,2026-05-28,150.5,151.10000610351562,149.6999969482422,150.10000610351562,250298400,150.10000610351562
9432,2026-05-29,151,151.1999969482422,149.5,149.5,321682500,149.5
9432,2026-06-01,149.6999969482422,149.6999969482422,148,148,283981300,148
9432,2026-06-02,148.10000610351562,149,146.3000030517578,147.89999389648438,246723400,147.89999389648438
9432,2026-06-03,148,148.60000610351562,147.3000030517578,147.8000030517578,178331600,147.8000030517578
9432,2026-06-04,147.6999969482422,148,146.8000030517578,146.89999389648438,210042900,146.89999389648438
9432,2026-06-05,147.5,148.39999389648438,146,146,233749500,146
9432,2026-06-08,145,147.60000610351562,144.3000030517578,147.3000030517578,337260800,147.3000030517578
9432,2026-06-09,148.3000030517578,148.3000030517578,146.60000610351562,146.6999969482422,223355300,146.6999969482422
9432,2026-06-10,148.60000610351562,149,146.6999969482422,149,257004800,149
9432,2026-06-11,149.39999389648438,150.89999389648438,149.3000030517578,150.6999969482422,253982200,150.6999969482422
9432,2026-06-12,148.5,149.89999389648438,147.60000610351562,148,270403000,148
9433,2026-05-15,2640,2724,2603,2724,14730700,2724
9433,2026-05-18,2683,2729,2652,2688.5,7427100,2688.5
9433,2026-05-19,2738.5,2782.5,2702,2764,9363400,2764
9433,2026-05-20,2776,2803.5,2727,2780,10500500,2780
9433,2026-05-21,2780,2812.5,2718,2718,9759000,2718
9433,2026-05-22,2717.5,2724,2682,2709.5,8599100,2709.5
9433,2026-05-25,2684,2709,2627.5,2634.5,7409400,2634.5
9433,2026-05-26,2627,2655,2616.5,2616.5,7827700,2616.5
9433,2026-05-27,2698,2698,2650,2689.5,12379600,2689.5
9433,2026-05-28,2722,2734,2672.5,2714,11026000,2714
9433,2026-05-29,2685,2750,2683,2738.5,19996500,2738.5
9433,2026-06-01,2745,2748,2677,2684,8764400,2684
9433,2026-06-02,2657,2703.5,2633,2661.5,8725800,2661.5
9433,2026-06-03,2667,2717,2651,2706.5,6968800,2706.5
9433,2026-06-04,2665,2695.5,2631,2643.5,6444100,2643.5
9433,2026-06-05,2692,2692,2633.5,2651.5,6162600,2651.5
9433,2026-06-08,2701,2734,2680.5,2724,9632700,2724
9433,2026-06-09,2700,2748,2690,2721,9219800,2721
9433,2026-06-10,2716,2752,2682.5,2752,8374500,2752
9433,2026-06-11,2771,2792,2746.5,2757.5,7098400,2757.5
9433,2026-06-12,2798,2809,2741,2769,13368700,2769
9984,2026-05-15,5801,6020,5686,5745,69924000,5745
9984,2026-05-18,5445,5720,5430,5593,48158000,5593
9984,2026-05-19,5660,5777,5278,5361,53762700,5361
9984,2026-05-20,5313,5349,4880,5039,71784000,5039
9984,2026-05-21,5810,6039,5700,6039,73094900,6039
9984,2026-05-22,6700,6881,6614,6757,103280800,6757
9984,2026-05-25,6750,7276,6642,7070,91615400,7070
9984,2026-05-26,7021,8000,7008,7841,111528500,7841
9984,2026-05-27,8020,8038,7262,7272,103217400,7272
9984,2026-05-28,7100,7220,6861,7125,79058300,7125
9984,2026-05-29,7548,7710,7321,7491,81180100,7491
9984,2026-06-01,7498,8626,7482,8541,100911200,8541
9984,2026-06-02,9000,9074,8261,8632,132031000,8632
9984,2026-06-03,8800,8800,8180,8315,73007300,8315
9984,2026-06-04,8001,8099,7363,7377,76525600,7377
9984,2026-06-05,7140,7583,7105,7426,62899400,7426
9984,2026-06-08,6676,7022,6641,6976,64167800,6976
9984,2026-06-09,7150,7175,6691,7048,67342100,7048
9984,2026-06-10,6714,6730,6315,6461,65333800,6461
9984,2026-06-11,6066,6529,5977,6374,65531700,6374
9984,2026-06-12,6650,6797,6373,6472,75320600,6472
4755,2026-05-15,798,806.9000244140625,756.2999877929688,778.2999877929688,29190700,778.2999877929688
4755,2026-05-18,811,814.2999877929688,759.0999755859375,763.7000122070312,21918000,763.7000122070312
4755,2026-05-19,770.5999755859375,800.7000122070312,766.7999877929688,795.7999877929688,18232000,795.7999877929688
4755,2026-05-20,789.7999877929688,795,772.5,784,13242900,784
4755,2026-05-21,808,808.7999877929688,750.5,752.2000122070312,29075000,752.2000122070312
4755,2026-05-22,765,806.4000244140625,758.7000122070312,781.5,28211700,781.5
4755,2026-05-25,780.2000122070312,782.5,733.5999755859375,753,31338100,753
4755,2026-05-26,749.2000122070312,762.2000122070312,748.7000122070312,750.5999755859375,13865300,750.5999755859375
4755,2026-05-27,740.5,754.2999877929688,738.4000244140625,750,14712900,750
4755,2026-05-28,751.5999755859375,753.4000244140625,737.5,743.7999877929688,15369800,743.7999877929688
4755,2026-05-29,743.7999877929688,751.2000122070312,736,745.2999877929688,22941900,745.2999877929688
4755,2026-06-01,752,772.0999755859375,746.5,764.4000244140625,17596200,764.4000244140625
4755,2026-06-02,760.2000122070312,782.7999877929688,757.7000122070312,780,16148700,780
4755,2026-06-03,780,802.4000244140625,766.7999877929688,792.5,15537200,792.5
4755,2026-06-04,781.2000122070312,782.7999877929688,761.7999877929688,767.0999755859375,14832700,767.0999755859375
4755,2026-06-05,776,784.7999877929688,750.7000122070312,757.7000122070312,13898100,757.7000122070312
4755,2026-06-08,750,760,734.5,741,16614300,741
4755,2026-06-09,748.9000244140625,749.7999877929688,733.5999755859375,739.2999877929688,12806100,739.2999877929688
4755,2026-06-10,734.0999755859375,735,717.2999877929688,722.5,17241900,722.5
4755,2026-06-11,732,742.5,722.9000244140625,740,15455200,740
4755,2026-06-12,747.5,748,732.2999877929688,739.5,13191200,739.5
4188,2026-05-15,994,1025,985.9000244140625,1016.5,10576800,1016.5
4188,2026-05-18,1016,1019,991.7999877929688,1007.5,5269400,1007.5
4188,2026-05-19,1026,1033,1005,1030.5,6773900,1030.5
4188,2026-05-20,1017,1020,986.9000244140625,1001,7176100,1001
4188,2026-05-21,1024,1027,999.2000122070312,1003.5,7807500,1003.5
4188,2026-05-22,1008,1032.5,1004,1027.5,5108300,1027.5
4188,2026-05-25,1048.5,1124,1041.5,1089.5,10479300,1089.5
4188,2026-05-26,1094,1119,1081.5,1118.5,6539000,1118.5
4188,2026-05-27,1130,1145,1109.5,1115.5,6782700,1115.5
4188,2026-05-28,1106,1125,1077.5,1116.5,7865100,1116.5
4188,2026-05-29,1135,1163,1117.5,1147,10577300,1147
4188,2026-06-01,1132.5,1133,1083,1091.5,5518400,1091.5
4188,2026-06-02,1078,1091.5,1056.5,1084,5391500,1084
4188,2026-06-03,1100,1112,1078.5,1099,5952200,1099
4188,2026-06-04,1110,1112.5,1080,1095,4724200,1095
4188,2026-06-05,1058,1069.5,1052,1063,5688000,1063
4188,2026-06-08,1036.5,1055.5,1020,1033.5,5371000,1033.5
4188,2026-06-09,1057,1063,1014,1021,6948000,1021
4188,2026-06-10,1025,1032.5,1010,1019.5,4932200,1019.5
4188,2026-06-11,1000,1038,999,1036,6138900,1036
4188,2026-06-12,1068,1099,1055.5,1080.5,7848100,1080.5
4005,2026-05-15,592,623.5999755859375,582,623.5999755859375,30518900,623.5999755859375
4005,2026-05-18,624.7000122070312,625,592.5,603.7999877929688,17874700,603.7999877929688
4005,2026-05-19,608,614,596.9000244140625,609.7000122070312,14116700,609.7000122070312
4005,2026-05-20,609.2999877929688,609.5999755859375,566,578.5999755859375,15510000,578.5999755859375
4005,2026-05-21,595.7999877929688,597.5,585.0999755859375,591.2000122070312,9497000,591.2000122070312
4005,2026-05-22,592.0999755859375,593.2999877929688,581.4000244140625,585.7999877929688,9338200,585.7999877929688
4005,2026-05-25,595.7999877929688,610.9000244140625,591.2000122070312,603,12251800,603
4005,2026-05-26,597.4000244140625,607.5999755859375,590.5,593.4000244140625,8846600,593.4000244140625
4005,2026-05-27,586.4000244140625,595.5,581.7999877929688,590.7000122070312,10390900,590.7000122070312
4005,2026-05-28,595.4000244140625,596.2000122070312,576.0999755859375,587.0999755859375,9195400,587.0999755859375
4005,2026-05-29,595,619.2999877929688,592.5,610.2000122070312,19748300,610.2000122070312
4005,2026-06-01,600.2000122070312,602,581.5999755859375,587.5,11704400,587.5
4005,2026-06-02,591,596,574.7999877929688,583.4000244140625,10324800,583.4000244140625
4005,2026-06-03,587,595,578.0999755859375,586.7999877929688,9406600,586.7999877929688
4005,2026-06-04,594.4000244140625,597.2000122070312,582.7999877929688,594.5999755859375,8745200,594.5999755859375
4005,2026-06-05,597.5999755859375,598.4000244140625,583.0999755859375,584,8107900,584
4005,2026-06-08,574,580.7999877929688,559,569.9000244140625,11953300,569.9000244140625
4005,2026-06-09,571.7999877929688,574.7000122070312,545.4000244140625,557.9000244140625,15499400,557.9000244140625
4005,2026-06-10,551.7000122070312,556.9000244140625,542.2000122070312,549,8504400,549
4005,2026-06-11,531.2000122070312,544.5,525.7999877929688,542.5,6981900,542.5
4005,2026-06-12,552.5,560.7999877929688,546.4000244140625,553.9000244140625,9269900,553.9000244140625
3402,2026-05-15,1165,1173,1142,1150,5128200,1150
3402,2026-05-18,1125,1139.5,1074.5,1076.5,6357200,1076.5
3402,2026-05-19,1095,1102.5,1071.5,1082,5977400,1082
3402,2026-05-20,1071,1081.5,1056,1076.5,4727600,1076.5
3402,2026-05-21,1093.5,1103.5,1084,1085.5,3639000,1085.5
3402,2026-05-22,1093,1096,1079.5,1085.5,3723800,1085.5
3402,2026-05-25,1103.5,1156.5,1099,1135.5,5208000,1135.5
3402,2026-05-26,1165,1180.5,1144,1147,5803800,1147
3402,2026-05-27,1152,1174,1140.5,1143.5,4856800,1143.5
3402,2026-05-28,1150,1159.5,1116.5,1133,4435400,1133
3402,2026-05-29,1141,1198.5,1138,1192,14393000,1192
3402,2026-06-01,1165.5,1173,1128.5,1139,5767700,1139
3402,2026-06-02,1125.5,1135,1107.5,1121.5,5880000,1121.5
3402,2026-06-03,1177.5,1182.5,1152,1152,4798200,1152
3402,2026-06-04,1140.5,1147,1100,1105.5,3980900,1105.5
3402,2026-06-05,1100,1124.5,1092,1121.5,4232400,1121.5
3402,2026-06-08,1103,1119,1081.5,1094.5,4746100,1094.5
3402,2026-06-09,1118,1121.5,1082.5,1093,4512700,1093
3402,2026-06-10,1106,1113,1091.5,1113,4143700,1113
3402,2026-06-11,1103,1122.5,1097.5,1118.5,4144200,1118.5
3402,2026-06-12,1142,1152.5,1126,1145,4808200,1145
8267,2026-05-15,1480,1511.5,1473,1497.5,7941000,1497.5
8267,2026-05-18,1491,1502.5,1419,1421,10492200,1421
8267,2026-05-19,1449.5,1500.5,1440,1500.5,8892400,1500.5
8267,2026-05-20,1516,1520,1487,1518.5,8577000,1518.5
8267,2026-05-21,1500,1555,1495.5,1496.5,7250400,1496.5
8267,2026-05-22,1477.5,1484.5,1437,1480.5,7341200,1480.5
8267,2026-05-25,1480,1480.5,1410,1410,10254000,1410
8267,2026-05-26,1410.5,1434.5,1404.5,1428,6551700,1428
8267,2026-05-27,1410,1421,1388,1415,9404400,1415
8267,2026-05-28,1425,1434,1392,1402,7446800,1402
8267,2026-05-29,1395,1419,1387,1391.5,17310300,1391.5
8267,2026-06-01,1395,1399,1337,1352.5,12942000,1352.5
8267,2026-06-02,1329,1366,1318,1348.5,9032700,1348.5
8267,2026-06-03,1342,1359.5,1322,1351,6729300,1351
8267,2026-06-04,1350,1361,1335.5,1335.5,6327900,1335.5
8267,2026-06-05,1339.5,1380,1337,1354.5,5643100,1354.5
8267,2026-06-08,1360.5,1398,1342,1394.5,9676000,1394.5
8267,2026-06-09,1383.5,1408.5,1358,1370,8348100,1370
8267,2026-06-10,1390.5,1423,1380,1423,8119600,1423
8267,2026-06-11,1410.5,1418.5,1361,1373,13413900,1373
8267,2026-06-12,1370,1401,1363.5,1388,9564800,1388
3382,2026-05-15,1838,1865.5,1818.5,1862.5,7217500,1862.5
3382,2026-05-18,1874.5,1904.5,1861.5,1878.5,6272800,1878.5
3382,2026-05-19,1915,1961.5,1906,1947,9084900,1947
3382,2026-05-20,1979,1995.5,1927.5,1943.5,8649500,1943.5
3382,2026-05-21,1903.5,1913.5,1888,1894.5,5721800,1894.5
3382,2026-05-22,1878.5,1886,1858,1860.5,5451700,1860.5
3382,2026-05-25,1845,1872,1816,1837.5,7363100,1837.5
3382,2026-05-26,1835,1845.5,1820,1839,6208700,1839
3382,2026-05-27,1821,1840,1811.5,1836,6142800,1836
3382,2026-05-28,1854,1883,1827.5,1835.5,7346200,1835.5
3382,2026-05-29,1838.5,1882.5,1820.5,1859.5,21111700,1859.5
3382,2026-06-01,1869,1869,1811,1834,6022400,1834
3382,2026-06-02,1840,1875,1814.5,1854.5,11419900,1854.5
3382,2026-06-03,1837,1892,1822.5,1887.5,5708800,1887.5
3382,2026-06-04,1885,1885.5,1840,1849,5200400,1849
3382,2026-06-05,1868.5,1886,1853.5,1863.5,3516900,1863.5
3382,2026-06-08,1870,1917,1870,1915.5,7130300,1915.5
3382,2026-06-09,1898.5,1915.5,1882,1898.5,6601100,1898.5
3382,2026-06-10,1918.5,1946.5,1906.5,1941,5671600,1941
3382,2026-06-11,1922,1945,1903,1942,10081700,1942
3382,2026-06-12,1940,1956.5,1916.5,1946,8592700,1946
9983,2026-05-15,71150,72050,71020,71630,942600,71630
9983,2026-05-18,71220,71680,69330,70190,979400,70190
9983,2026-05-19,70840,73650,70590,73650,1179700,73650
9983,2026-05-20,74810,74980,73800,74740,1182500,74740
9983,2026-05-21,74000,74950,73050,73300,865000,73300
9983,2026-05-22,73000,75680,72950,75510,1113300,75510
9983,2026-05-25,75450,76180,74930,75090,755500,75090
9983,2026-05-26,75180,75850,74600,75510,660100,75510
9983,2026-05-27,76950,79000,76570,77820,1375300,77820
9983,2026-05-28,78770,79350,77750,78380,1010700,78380
9983,2026-05-29,77770,82330,77700,82330,1610600,82330
9983,2026-06-01,82740,82900,80140,80510,961300,80510
9983,2026-06-02,79500,80480,78880,79680,1006900,79680
9983,2026-06-03,79500,80450,78420,78420,1021700,78420
9983,2026-06-04,79090,79180,78110,78870,784300,78870
9983,2026-06-05,79000,79370,78110,78700,795600,78700
9983,2026-06-08,79480,80180,78050,78820,965600,78820
9983,2026-06-09,78160,79400,77400,78060,1223500,78060
9983,2026-06-10,77390,79390,77300,79130,926200,79130
9983,2026-06-11,77630,78730,77090,78480,823000,78480
9983,2026-06-12,80720,81000,79620,80530,1368900,80530
3563,2026-05-15,10700,10840,10300,10340,1007400,10340
3563,2026-05-18,10450,10575,10250,10465,659200,10465
3563,2026-05-19,10600,10955,10505,10725,1062000,10725
3563,2026-05-20,10820,10875,10680,10765,738300,10765
3563,2026-05-21,11000,11175,10510,10600,967200,10600
3563,2026-05-22,10565,10920,10545,10825,689200,10825
3563,2026-05-25,10900,10900,10115,10195,1536000,10195
3563,2026-05-26,10250,10570,10095,10230,1197600,10230
3563,2026-05-27,10185,10265,9910,10085,887900,10085
3563,2026-05-28,10160,10480,10110,10390,750200,10390
3563,2026-05-29,10425,10935,10360,10875,936700,10875
3563,2026-06-01,10785,10795,10495,10595,688300,10595
3563,2026-06-02,10350,10515,10280,10475,660500,10475
3563,2026-06-03,10500,10720,10270,10445,651000,10445
3563,2026-06-04,10240,10270,9629,9841,2370200,9841
3563,2026-06-05,9691,10075,9660,9887,1120500,9887
3563,2026-06-08,9761,9927,9699,9735,778600,9735
3563,2026-06-09,9775,9800,9511,9573,773800,9573
3563,2026-06-10,9609,9975,9585,9863,770400,9863
3563,2026-06-11,9950,10045,9776,9781,929800,9781
3563,2026-06-12,9869,10030,9669,9987,846100,9987
8227,2026-05-15,3200,3226,3176,3212,1203500,3212
8227,2026-05-18,3210,3232,3187,3210,869900,3210
8227,2026-05-19,3250,3260,3202,3256,968400,3256
8227,2026-05-20,3260,3286,3211,3250,852500,3250
8227,2026-05-21,3250,3252,3203,3204,646900,3204
8227,2026-05-22,3188,3218,3166,3212,530200,3212
8227,2026-05-25,3210,3210,3152,3170,816100,3170
8227,2026-05-26,3165,3240,3155,3206,1179700,3206
8227,2026-05-27,3200,3230,3183,3215,635100,3215
8227,2026-05-28,3250,3287,3225,3261,743800,3261
8227,2026-05-29,3306,3322,3267,3292,1172300,3292
8227,2026-06-01,3240,3265,3167,3199,853700,3199
8227,2026-06-02,3160,3249,3139,3235,847100,3235
8227,2026-06-03,3213,3309,3200,3298,726400,3298
8227,2026-06-04,3291,3296,3229,3258,603300,3258
8227,2026-06-05,3278,3296,3217,3223,593600,3223
8227,2026-06-08,3277,3326,3262,3296,690800,3296
8227,2026-06-09,3303,3336,3279,3307,603000,3307
8227,2026-06-10,3350,3389,3336,3387,1040900,3387
8227,2026-06-11,3405,3430,3345,3352,718700,3352
8227,2026-06-12,3336,3369,3324,3359,688100,3359
